지점,지점명,일시,기온(°C),기온 QC플래그,강수량(mm),강수량 QC플래그,풍속(m/s),풍속 QC플래그,풍향(16방위),풍향 QC플래그,습도(%),습도 QC플래그,증기압(hPa),이슬점온도(°C),현지기압(hPa),현지기압 QC플래그,해면기압(hPa),해면기압 QC플래그,일조(hr),일조 QC플래그,일사(MJ/m2),적설(cm),3시간신적설(cm),전운량(10분위),중하층운량(10분위),운형(운형약어),최저운고(100m ),시정(10m),지면상태(지면상태코드),현상번호(국내식),지면온도(°C),지면온도 QC플래그,5cm 지중온도(°C),10cm 지중온도(°C),20cm 지중온도(°C),30cm 지중온도(°C)
108,서울,2020-06-01 1:00,17.7,,0.3,,2.9,,290,,91,,18.4,16.2,1000.2,,1010.2,,,9.0,,,,10.0,9.0,StNs,3.0,1089,,1901.0,18.0,,21.1,22.5,21.8,21.9
108,서울,2020-06-01 2:00,17.5,,0.0,,3.2,,290,,91,,18.2,16.0,999.9,,1009.9,,,9.0,,,,10.0,9.0,StNs,4.0,1203,,1.0,17.8,,20.9,22.3,21.5,21.8
108,서울,2020-06-01 3:00,17.1,,,9.0,3.2,,290,,91,,17.7,15.6,999.7,,1009.7,,,9.0,,,,10.0,10.0,St,3.0,712,,19.0,17.5,,20.6,22.1,21.3,21.7
108,서울,2020-06-01 4:00,17.0,,0.0,,3.3,,290,,92,,17.7,15.6,999.8,,1009.8,,,9.0,,,,10.0,10.0,St,3.0,917,,1902.0,17.4,,20.4,21.9,21.0,21.6
108,서울,2020-06-01 5:00,16.9,,0.0,,3.4,,270,,93,,17.8,15.7,999.5,,1009.5,,,9.0,,,,10.0,10.0,St,2.0,712,,1902.0,17.3,,20.2,21.8,20.8,21.5
108,서울,2020-06-01 6:00,16.7,,0.1,,3.4,,290,,90,,17.0,15.0,999.8,,1009.8,,0.0,,0.04,,,4.0,4.0,Sc,5.0,1588,,1902.0,16.7,,19.9,21.6,20.6,21.4
108,서울,2020-06-01 7:00,16.9,,,9.0,2.3,,290,,86,,16.5,14.5,1000.0,,1010.0,,0.1,,0.32,,,8.0,8.0,Sc,5.0,1589,,,18.4,,19.8,21.4,20.4,21.3
108,서울,2020-06-01 8:00,17.8,,,9.0,3.3,,290,,80,,16.2,14.2,1000.2,,1010.2,,0.3,,0.85,,,7.0,7.0,Sc,5.0,1443,,,21.4,,20.1,21.3,20.4,21.2
108,서울,2020-06-01 9:00,19.3,,,9.0,2.1,,320,,73,,16.3,14.3,1000.2,,1010.1,,0.7,,1.71,,,2.0,2.0,Sc,13.0,1849,,,27.6,,21.0,21.2,20.8,21.1
108,서울,2020-06-01 10:00,20.5,,,9.0,3.4,,270,,62,,14.9,12.9,999.9,,1009.8,,1.0,,2.65,,,1.0,1.0,Sc,12.0,1855,,,31.1,,22.5,21.2,21.5,21.0
108,서울,2020-06-01 11:00,22.1,,,9.0,3.6,,290,,52,,13.7,11.7,999.6,,1009.4,,1.0,,3.29,,,1.0,1.0,Sc,14.0,1973,,,37.1,,24.0,21.2,22.4,20.9
108,서울,2020-06-01 12:00,23.1,,,9.0,4.0,,290,,49,,13.7,11.7,999.8,,1009.6,,1.0,,3.59,,,2.0,2.0,Sc,15.0,1970,,,41.3,,25.4,21.4,23.4,20.9
108,서울,2020-06-01 13:00,23.1,,,9.0,5.1,,290,,42,,11.8,9.4,999.4,,1009.2,,1.0,,3.78,,,1.0,1.0,Sc,10.0,2000,,,43.9,,26.5,21.7,24.4,21.0
108,서울,2020-06-01 14:00,23.6,,,9.0,5.1,,290,,39,,11.3,8.8,999.3,,1009.0,,1.0,,3.66,,,2.0,0.0,Ci,,2000,,,44.6,,27.2,22.1,25.3,21.0
108,서울,2020-06-01 15:00,23.8,,,9.0,5.5,,270,,40,,11.7,9.3,999.0,,1008.7,,1.0,,3.3,,,2.0,0.0,Ci,,2000,,,43.7,,27.7,22.5,26.0,21.2
108,서울,2020-06-01 16:00,24.4,,,9.0,3.0,,270,,39,,11.9,9.5,998.8,,1008.5,,1.0,,2.78,,,3.0,0.0,Ci,,2000,,,42.0,,27.8,22.6,27.1,21.1
108,서울,2020-06-01 17:00,23.6,,,9.0,4.4,,270,,41,,11.9,9.5,998.8,,1008.5,,1.0,,2.15,,,1.0,0.0,Ci,,2000,,,36.9,,27.6,23.3,26.5,21.6
108,서울,2020-06-01 18:00,22.7,,,9.0,4.1,,320,,42,,11.6,9.1,998.7,,1008.5,,1.0,,1.43,,,0.0,0.0,,,2000,,,30.7,,26.8,25.2,26.4,21.8
108,서울,2020-06-01 19:00,21.3,,,9.0,4.2,,290,,44,,11.1,8.5,999.1,,1009.0,,1.0,,0.68,,,0.0,0.0,,,2000,,,22.7,,25.8,23.8,25.7,22.0
108,서울,2020-06-01 20:00,19.8,,,9.0,2.5,,290,,51,,11.7,9.3,999.9,,1009.9,,0.4,,0.12,,,0.0,0.0,,,2000,,,19.4,,24.4,23.9,25.0,22.2
108,서울,2020-06-01 21:00,18.6,,,9.0,2.5,,290,,55,,11.7,9.3,999.8,,1009.7,,,9.0,,,,4.0,0.0,Ci,,2000,,,17.7,,23.3,23.8,24.1,22.3
108,서울,2020-06-01 22:00,17.9,,,9.0,2.0,,290,,62,,12.7,10.5,1000.4,,1010.4,,,9.0,,,,2.0,0.0,,,2000,,,16.6,,22.3,23.6,23.3,22.4
108,서울,2020-06-01 23:00,17.2,,,9.0,2.0,,290,,68,,13.3,11.2,1000.3,,1010.3,,,9.0,,,,6.0,0.0,,,1999,,,15.7,,21.6,23.4,22.7,22.4
108,서울,2020-06-02 0:00,16.6,,,9.0,1.6,,270,,74,,13.9,11.9,1000.4,,1010.4,,,9.0,,,,6.0,0.0,Ci,,1288,,,15.6,,21.0,23.1,22.1,22.3
108,서울,2020-06-02 1:00,16.2,,,,0.8,,270,,77,,14.1,12.1,999.8,,1009.9,,,9.0,,,,9.0,0.0,,,879,,19.0,15.1,,20.5,22.9,21.6,22.3
108,서울,2020-06-02 2:00,15.9,,,,1.1,,180,,78,,14.0,12.0,999.9,,1010.0,,,9.0,,,,8.0,8.0,,68.0,890,,19.0,15.0,,20.1,22.6,21.2,22.2
108,서울,2020-06-02 3:00,15.7,,,,0.4,,0,,78,,13.8,11.8,1000.1,,1010.2,,,9.0,,,,8.0,0.0,Ci,,1068,,19.0,14.7,,19.7,22.3,20.8,22.0
108,서울,2020-06-02 4:00,15.5,,,,0.9,,50,,79,,13.8,11.8,999.2,,1009.3,,,9.0,,,,8.0,0.0,Ci,,1132,,,14.1,,19.4,22.0,20.5,21.9
108,서울,2020-06-02 5:00,14.8,,,,1.3,,160,,79,,13.2,11.1,999.5,,1009.6,,,9.0,,,,6.0,0.0,Ci,,1426,,,13.5,,19.0,21.8,20.1,21.7
108,서울,2020-06-02 6:00,15.0,,,,2.2,,70,,79,,13.4,11.3,999.4,,1009.5,,0.0,,0.03,,,9.0,4.0,AcCi,35.0,1433,,,14.9,,18.8,21.6,19.8,21.6
108,서울,2020-06-02 7:00,15.5,,,,1.4,,70,,77,,13.5,11.4,1000.5,,1010.6,,0.0,,0.13,,,9.0,6.0,AcCi,35.0,1585,,,16.2,,18.9,21.3,19.7,21.5
108,서울,2020-06-02 8:00,16.0,,,,2.2,,50,,75,,13.6,11.5,1000.8,,1010.9,,0.0,,0.14,,,10.0,7.0,ScAs,10.0,1602,,,16.8,,19.0,21.1,19.6,21.3
108,서울,2020-06-02 9:00,16.9,,,,2.5,,70,,71,,13.6,11.5,1000.3,,1010.3,,0.0,,0.36,,,10.0,10.0,As,27.0,1762,,,19.2,,19.2,21.0,19.7,21.2
108,서울,2020-06-02 10:00,17.3,,,,2.5,,200,,65,,12.8,10.6,1000.2,,1010.2,,0.0,,0.38,,,10.0,10.0,As,31.0,1671,,,19.3,,19.4,20.8,19.8,21.0
108,서울,2020-06-02 11:00,17.5,,0.0,,2.6,,320,,70,,13.9,11.9,1000.7,,1010.7,,0.0,,0.37,,,10.0,6.0,ScAs,18.0,1034,,1.0,18.6,,19.6,20.7,19.9,20.9
108,서울,2020-06-02 12:00,16.3,,1.9,,2.9,,140,,80,,14.8,12.8,996.9,,1006.9,,0.0,,0.34,,,10.0,5.0,ScAs,10.0,1500,,1.0,18.2,,19.4,20.7,19.8,20.8
108,서울,2020-06-02 13:00,17.5,,,9.0,2.2,,90,,68,,13.6,11.5,995.7,,1005.6,,0.0,,0.54,,,10.0,5.0,ScAs,15.0,1988,,,19.8,,19.5,20.7,19.9,20.7
108,서울,2020-06-02 14:00,20.4,,,9.0,3.1,,180,,51,,12.2,9.9,995.6,,1005.5,,0.1,,1.63,,,9.0,4.0,ScAc,18.0,2000,,,22.8,,20.5,20.6,20.1,20.7
108,서울,2020-06-02 15:00,20.9,,,9.0,2.2,,180,,48,,11.8,9.4,995.4,,1005.2,,0.0,,0.56,,,9.0,2.0,ScAc,15.0,2000,,,22.1,,20.9,20.6,20.6,20.6
108,서울,2020-06-02 16:00,21.7,,,9.0,2.5,,250,,46,,11.9,9.5,995.1,,1004.9,,0.1,,0.95,,,9.0,4.0,ScAc,14.0,2000,,,20.4,,21.4,20.5,21.0,20.2
108,서울,2020-06-02 17:00,21.2,,,9.0,3.3,,270,,55,,13.7,11.7,995.0,,1004.8,,0.0,,0.27,,,9.0,9.0,Sc,11.0,2000,,,18.9,,21.0,20.7,21.0,20.5
108,서울,2020-06-02 18:00,20.6,,0.0,,2.4,,270,,58,,14.0,12.0,995.1,,1005.0,,0.0,,0.12,,,10.0,7.0,ScAs,11.0,2000,,1.0,18.1,,20.6,20.8,20.8,20.5
108,서울,2020-06-02 19:00,20.3,,,9.0,2.9,,290,,61,,14.5,12.5,995.6,,1005.5,,0.0,,0.05,,,9.0,9.0,,10.0,2000,,,17.5,,20.3,20.8,20.6,20.5
108,서울,2020-06-02 20:00,19.9,,,9.0,3.1,,290,,65,,15.1,13.1,995.8,,1005.7,,0.0,,0.02,,,6.0,6.0,,8.0,1994,,,17.1,,20.0,20.8,20.4,20.5
108,서울,2020-06-02 21:00,19.6,,,9.0,2.7,,250,,70,,15.9,13.9,996.0,,1005.8,,,9.0,,,,8.0,8.0,Sc,7.0,1499,,,17.3,,19.8,20.7,20.2,20.5
108,서울,2020-06-02 22:00,19.3,,,9.0,2.2,,290,,74,,16.5,14.5,996.1,,1005.9,,,9.0,,,,9.0,9.0,,6.0,1184,,,17.4,,19.7,20.6,20.0,20.5
108,서울,2020-06-02 23:00,19.0,,,9.0,1.7,,320,,79,,17.3,15.2,996.1,,1006.0,,,9.0,,,,9.0,9.0,,5.0,815,,19.0,17.6,,19.5,20.6,19.9,20.5
108,서울,2020-06-03 0:00,18.4,,0.1,,1.7,,290,,84,,17.7,15.6,995.7,,1005.6,,,9.0,,,,10.0,7.0,ScAs,,509,,1901.0,17.6,,19.4,20.5,19.8,20.4
108,서울,2020-06-03 1:00,18.3,,,,2.0,,290,,86,,18.1,15.9,995.7,,1005.6,,,9.0,,,,8.0,8.0,,3.0,452,,19.0,17.5,,19.3,20.4,19.7,20.4
108,서울,2020-06-03 2:00,18.2,,,,1.8,,290,,89,,18.5,16.3,995.4,,1005.3,,,9.0,,,,7.0,7.0,,2.0,379,,19.0,17.5,,19.2,20.3,19.6,20.3
108,서울,2020-06-03 3:00,18.2,,,,1.3,,320,,89,,18.5,16.3,995.6,,1005.5,,,9.0,,,,10.0,10.0,St,3.0,500,,19.0,17.6,,19.2,20.3,19.6,20.3
108,서울,2020-06-03 4:00,18.1,,,,1.5,,290,,87,,17.9,15.8,995.5,,1005.4,,,9.0,,,,10.0,10.0,St,4.0,631,,19.0,17.1,,19.1,20.2,19.5,20.2
108,서울,2020-06-03 5:00,18.1,,,,1.3,,320,,88,,18.2,16.0,995.3,,1005.2,,,9.0,,,,8.0,8.0,Sc,10.0,525,,19.0,16.7,,19.0,20.2,19.4,20.2
108,서울,2020-06-03 6:00,17.6,,,,0.4,,0,,89,,17.8,15.7,994.9,,1004.8,,0.0,,0.07,,,6.0,6.0,Sc,9.0,459,,19.0,16.4,,18.7,20.1,19.3,20.1
108,서울,2020-06-03 7:00,18.3,,,,1.8,,70,,88,,18.4,16.2,994.9,,1004.8,,0.3,,0.41,,,6.0,3.0,ScCi,10.0,628,,19.0,20.0,,18.8,20.0,19.2,20.1
108,서울,2020-06-03 8:00,19.7,,,,2.0,,90,,82,,18.8,16.5,995.2,,1005.0,,0.9,,1.01,,,6.0,2.0,ScCi,10.0,595,,19.0,23.0,,19.4,19.9,19.4,20.0
108,서울,2020-06-03 9:00,20.8,,,,0.8,,50,,76,,18.6,16.4,995.3,,1005.2,,0.4,,1.27,,,7.0,7.0,Sc,6.0,746,,19.0,24.0,,20.4,19.9,19.9,20.0
108,서울,2020-06-03 10:00,22.0,,,,1.4,,200,,73,,19.2,16.9,995.3,,1005.1,,0.2,,1.28,,,8.0,8.0,Sc,7.0,683,,19.0,27.6,,21.3,20.0,20.5,19.9
108,서울,2020-06-03 11:00,23.1,,,,2.2,,200,,68,,19.1,16.8,994.8,,1004.5,,0.3,,1.68,,,7.0,7.0,Sc,8.0,684,,4019.0,29.6,,22.4,20.1,21.2,19.9
108,서울,2020-06-03 12:00,24.4,,,,2.6,,250,,58,,17.6,15.5,994.5,,1004.1,,0.6,,2.41,,,6.0,3.0,ScCi,10.0,972,,40.0,36.1,,23.8,20.4,21.7,19.9
108,서울,2020-06-03 13:00,26.1,,,,2.2,,270,,55,,18.5,16.3,994.0,,1003.6,,1.0,,3.64,,,3.0,3.0,Sc,10.0,1083,,40.0,43.4,,25.8,20.6,23.3,20.0
108,서울,2020-06-03 14:00,26.8,,,,2.7,,250,,50,,17.5,15.4,992.9,,1002.5,,1.0,,3.43,,,1.0,1.0,Sc,10.0,939,,40.0,45.6,,27.3,21.0,24.6,20.1
108,서울,2020-06-03 15:00,27.9,,,,2.5,,230,,52,,19.5,17.1,991.9,,1001.4,,1.0,,3.1,,,0.0,0.0,,,909,,40.0,45.4,,28.2,21.5,25.7,20.2
108,서울,2020-06-03 16:00,28.2,,,,2.8,,250,,48,,18.3,16.1,991.4,,1000.9,,1.0,,2.63,,,0.0,0.0,,,941,,40.0,43.0,,28.5,22.0,26.4,20.5
108,서울,2020-06-03 17:00,28.1,,,,3.8,,250,,49,,18.5,16.3,991.2,,1000.7,,1.0,,1.89,,,0.0,0.0,,,830,,40.0,38.2,,28.2,22.6,26.7,20.7
108,서울,2020-06-03 18:00,26.1,,,,4.5,,290,,60,,20.2,17.7,991.6,,1001.2,,1.0,,1.2,,,0.0,0.0,,,1094,,40.0,31.6,,27.5,23.0,26.6,21.0
108,서울,2020-06-03 19:00,23.8,,,,4.8,,290,,68,,20.0,17.5,992.2,,1001.9,,0.8,,0.53,,,0.0,0.0,,,1180,,,25.5,,26.4,23.3,26.0,21.3
108,서울,2020-06-03 20:00,21.0,,,,5.2,,290,,80,,19.9,17.4,993.0,,1002.8,,0.0,,0.09,,,6.0,1.0,,9.0,804,,19.0,22.0,,25.1,23.5,25.3,21.5
108,서울,2020-06-03 21:00,20.5,,,,3.1,,270,,81,,19.5,17.1,993.4,,1003.2,,,9.0,,,,8.0,8.0,Sc,9.0,682,,19.0,21.5,,24.1,23.5,24.6,21.7
108,서울,2020-06-03 22:00,20.4,,,,2.4,,270,,81,,19.4,17.0,993.8,,1003.7,,,9.0,,,,6.0,6.0,,4.0,1006,,19.0,20.9,,23.4,23.4,23.9,21.9
108,서울,2020-06-03 23:00,20.1,,,,2.2,,270,,81,,19.0,16.7,993.9,,1003.8,,,9.0,,,,7.0,7.0,,5.0,909,,19.0,20.0,,22.8,23.3,23.4,21.9
108,서울,2020-06-04 0:00,20.1,,,,1.5,,270,,81,,19.0,16.7,993.9,,1003.8,,,9.0,,,,9.0,9.0,Sc,10.0,907,,19.0,20.3,,22.4,23.1,23.0,22.0
108,서울,2020-06-04 1:00,20.0,,,,2.2,,250,,83,,19.4,17.0,993.7,,1003.6,,,9.0,,,,7.0,7.0,,5.0,777,,19.0,19.5,,22.1,22.9,22.7,21.9
108,서울,2020-06-04 2:00,20.1,,,,1.0,,200,,84,,19.7,17.3,993.6,,1003.5,,,9.0,,,,9.0,9.0,,4.0,587,,19.0,19.8,,21.8,22.7,22.4,21.9
108,서울,2020-06-04 3:00,20.4,,0.0,,2.6,,250,,86,,20.5,17.9,993.2,,1003.1,,,9.0,,,,10.0,10.0,St,7.0,540,,1902.0,20.1,,21.7,22.6,22.2,21.9
108,서울,2020-06-04 4:00,20.5,,0.0,,2.0,,270,,88,,21.2,18.4,993.2,,1003.0,,,9.0,,,,10.0,10.0,St,6.0,497,,1902.0,20.3,,21.6,22.4,22.0,21.8
108,서울,2020-06-04 5:00,20.3,,0.0,,2.0,,270,,91,,21.6,18.7,993.4,,1003.3,,,9.0,,,,10.0,10.0,St,4.0,271,,1902.0,20.2,,21.5,22.3,21.9,21.7
108,서울,2020-06-04 6:00,20.1,,0.1,,3.0,,250,,91,,21.3,18.5,993.3,,1003.2,,0.0,,0.02,,,10.0,10.0,St,2.0,444,,1902.0,20.2,,21.4,22.1,21.8,21.7
108,서울,2020-06-04 7:00,20.1,,,9.0,2.2,,250,,90,,21.2,18.4,993.4,,1003.3,,0.0,,0.11,,,10.0,10.0,St,5.0,413,,19.0,20.6,,21.4,22.0,21.7,21.6
108,서울,2020-06-04 8:00,20.1,,0.1,,3.5,,270,,89,,20.9,18.2,993.9,,1003.8,,0.0,,0.18,,,10.0,10.0,St,3.0,510,,1902.0,21.0,,21.4,21.9,21.6,21.5
108,서울,2020-06-04 9:00,20.6,,0.0,,3.1,,250,,90,,21.7,18.8,994.0,,1003.8,,0.0,,0.46,,,10.0,10.0,St,2.0,409,,1902.0,26.6,,21.6,21.9,21.6,21.5
108,서울,2020-06-04 10:00,22.4,,0.0,,2.7,,230,,76,,20.5,17.9,994.2,,1003.9,,0.5,,1.78,,,8.0,8.0,Sc,6.0,1239,,1902.0,31.9,,23.0,21.8,22.2,21.4
108,서울,2020-06-04 11:00,23.9,,,9.0,2.8,,230,,68,,20.1,17.6,994.1,,1003.8,,0.6,,2.25,,,6.0,6.0,Sc,7.0,950,,40.0,40.0,,24.4,21.8,23.1,21.3
108,서울,2020-06-04 12:00,25.0,,,9.0,3.1,,250,,63,,19.9,17.4,993.6,,1003.3,,0.8,,3.0,,,4.0,4.0,Sc,8.0,771,,40.0,44.6,,26.2,22.0,24.1,21.3
108,서울,2020-06-04 13:00,26.0,,,9.0,3.1,,250,,60,,20.1,17.6,993.4,,1003.0,,1.0,,3.32,,,1.0,1.0,Sc,10.0,816,,40.0,48.1,,27.8,22.2,25.3,21.4
108,서울,2020-06-04 14:00,26.4,,,9.0,3.8,,270,,60,,20.6,18.0,993.0,,1002.6,,1.0,,3.26,,,1.0,1.0,Sc,10.0,795,,40.0,48.6,,28.8,22.6,26.4,21.5
108,서울,2020-06-04 15:00,25.4,,,9.0,4.2,,270,,66,,21.3,18.5,993.4,,1003.1,,0.5,,2.16,,,9.0,9.0,Sc,7.0,746,,40.0,37.8,,28.8,23.1,27.0,21.6
108,서울,2020-06-04 16:00,24.3,,,9.0,3.6,,320,,70,,21.2,18.4,993.7,,1003.3,,0.0,,1.15,,,9.0,9.0,Sc,6.0,641,,40.0,34.7,,27.9,23.5,26.9,21.8
108,서울,2020-06-04 17:00,23.2,,,9.0,4.1,,290,,75,,21.3,18.5,993.7,,1003.4,,0.1,,1.04,,,9.0,9.0,Sc,5.0,810,,40.0,31.3,,27.3,23.9,26.6,21.9
108,서울,2020-06-04 18:00,22.8,,,9.0,3.1,,290,,77,,21.3,18.5,993.6,,1003.3,,0.2,,0.73,,,5.0,5.0,Sc,10.0,877,,40.0,28.6,,26.6,24.4,26.3,22.2
108,서울,2020-06-04 19:00,21.7,,,9.0,3.3,,290,,80,,20.6,18.0,994.0,,1003.8,,0.0,,0.27,,,7.0,7.0,,,799,,4019.0,25.2,,25.8,24.1,24.5,22.4
108,서울,2020-06-04 20:00,21.4,,,9.0,2.5,,270,,83,,21.0,18.3,994.5,,1004.3,,0.0,,0.04,,,9.0,9.0,,3.0,600,,19.0,23.5,,25.1,24.2,25.2,22.5
108,서울,2020-06-04 21:00,20.8,,0.0,,1.9,,290,,86,,21.0,18.3,995.4,,1005.3,,,9.0,,,,10.0,10.0,St,8.0,437,,1902.0,22.6,,24.4,24.1,24.8,22.6
108,서울,2020-06-04 22:00,20.3,,0.0,,1.6,,290,,89,,21.2,18.4,996.3,,1006.2,,,9.0,,,,10.0,10.0,St,2.0,175,,1902.0,21.5,,23.9,24.0,24.3,22.7
108,서울,2020-06-04 23:00,19.9,,0.0,,1.4,,320,,91,,21.0,18.3,996.6,,1006.5,,,9.0,,,,10.0,10.0,St,4.0,335,,1902.0,20.9,,23.4,23.9,23.9,22.7
108,서울,2020-06-05 0:00,19.7,,0.0,,2.0,,290,,90,,20.6,18.0,996.6,,1006.4,,,9.0,,,,9.0,9.0,,,393,,1902.0,20.4,,23.1,23.7,23.6,22.7
108,서울,2020-06-05 1:00,19.5,,,,1.4,,320,,90,,20.4,17.8,996.7,,1006.5,,,9.0,,,,6.0,5.0,,7.0,428,,19.0,19.4,,22.7,23.5,23.3,22.7
108,서울,2020-06-05 2:00,19.3,,,,1.6,,290,,90,,20.1,17.6,996.7,,1006.6,,,9.0,,,,1.0,1.0,,4.0,383,,19.0,18.9,,22.3,23.4,22.9,22.6
108,서울,2020-06-05 3:00,19.3,,,,1.6,,290,,90,,20.1,17.6,996.8,,1006.7,,,9.0,,,,9.0,9.0,St,3.0,441,,19.0,18.9,,22.0,23.2,22.6,22.5
108,서울,2020-06-05 4:00,18.9,,,,1.5,,320,,90,,19.6,17.2,996.7,,1006.6,,,9.0,,,,0.0,0.0,,,383,,19.0,17.6,,21.6,23.0,22.3,22.5
108,서울,2020-06-05 5:00,18.4,,,,1.3,,270,,92,,19.4,17.0,996.8,,1006.7,,,9.0,,,,5.0,5.0,Sc,8.0,320,,19.0,17.2,,21.2,22.8,22.0,22.4
108,서울,2020-06-05 6:00,18.7,,,,1.3,,20,,92,,19.7,17.3,997.2,,1007.1,,0.0,,0.03,,,10.0,10.0,St,6.0,355,,19.0,19.2,,21.1,22.7,21.7,22.3
108,서울,2020-06-05 7:00,19.0,,,,1.1,,50,,90,,19.7,17.3,997.5,,1007.4,,0.0,,0.1,,,10.0,10.0,St,6.0,415,,19.0,20.2,,21.2,22.5,21.7,22.2
108,서울,2020-06-05 8:00,19.9,,,,2.2,,320,,86,,19.9,17.4,998.0,,1007.9,,0.1,,0.52,,,10.0,10.0,St,6.0,507,,19.0,24.8,,21.5,22.3,21.7,22.1
108,서울,2020-06-05 9:00,21.0,,,,1.5,,270,,77,,19.1,16.8,998.0,,1007.9,,0.2,,1.23,,,7.0,7.0,Sc,7.0,681,,19.0,29.7,,22.4,22.2,22.0,22.0
108,서울,2020-06-05 10:00,22.3,,,,1.3,,290,,71,,19.0,16.7,998.2,,1008.0,,0.6,,1.92,,,7.0,7.0,Sc,8.0,797,,19.0,33.6,,23.7,22.2,22.7,21.9
108,서울,2020-06-05 11:00,23.9,,,,2.5,,270,,67,,19.7,17.3,997.7,,1007.4,,0.8,,2.43,,,8.0,2.0,ScCi,9.0,760,,4019.0,40.5,,25.1,22.3,23.6,21.9
108,서울,2020-06-05 12:00,25.1,,,,2.2,,250,,60,,19.0,16.7,997.4,,1007.1,,0.8,,2.61,,,7.0,3.0,ScCi,10.0,776,,40.0,43.7,,26.5,22.5,24.6,21.8
108,서울,2020-06-05 13:00,26.3,,,,1.8,,270,,57,,19.4,17.0,996.7,,1006.4,,0.9,,2.88,,,8.0,1.0,ScCi,11.0,994,,40.0,48.6,,27.6,22.7,25.5,21.9
108,서울,2020-06-05 14:00,27.2,,,,2.8,,320,,50,,17.9,15.8,996.4,,1006.0,,1.0,,3.0,,,4.0,1.0,ScCi,12.0,1342,,40.0,49.5,,28.9,23.1,26.6,22.0
108,서울,2020-06-05 15:00,27.8,,,,3.2,,340,,48,,17.8,15.7,996.1,,1005.7,,1.0,,2.84,,,3.0,0.0,Ci,,1648,,,48.7,,29.3,23.5,27.3,22.1
108,서울,2020-06-05 16:00,28.5,,,,2.6,,250,,46,,17.8,15.7,995.7,,1005.3,,1.0,,2.57,,,7.0,0.0,Ci,,1486,,,46.7,,29.6,24.0,27.8,22.3
108,서울,2020-06-05 17:00,28.6,,,,2.1,,290,,46,,17.9,15.8,995.8,,1005.4,,1.0,,1.65,,,7.0,0.0,Ci,,1621,,,40.1,,29.4,24.4,28.0,22.5
108,서울,2020-06-05 18:00,27.9,,,,2.6,,320,,49,,18.3,16.1,995.8,,1005.4,,1.0,,1.04,,,3.0,0.0,Ci,,1836,,,33.2,,28.8,24.7,27.8,22.7
108,서울,2020-06-05 19:00,25.8,,,,3.3,,290,,60,,19.9,17.4,996.6,,1006.3,,0.4,,0.44,,,7.0,0.0,,,1322,,,27.4,,27.8,25.0,27.4,22.9
108,서울,2020-06-05 20:00,24.4,,,,2.0,,320,,64,,19.5,17.1,997.4,,1007.1,,0.0,,0.1,,,5.0,0.0,,,1499,,,23.7,,26.6,25.1,26.8,23.1
108,서울,2020-06-05 21:00,23.1,,,,1.7,,290,,66,,18.5,16.3,997.8,,1007.5,,,9.0,,,,4.0,0.0,Ci,,1658,,,21.8,,25.6,25.1,26.1,23.3
108,서울,2020-06-05 22:00,22.4,,,,1.4,,250,,72,,19.4,17.0,998.2,,1008.0,,,9.0,,,,5.0,0.0,,,1006,,,20.6,,24.7,25.0,25.4,23.4
108,서울,2020-06-05 23:00,21.7,,,,2.1,,290,,72,,18.6,16.4,998.4,,1008.2,,,9.0,,,,1.0,0.0,,,1446,,,19.9,,24.1,24.8,24.8,23.4
108,서울,2020-06-06 0:00,21.1,,,,0.9,,320,,73,,18.2,16.0,998.4,,1008.3,,,9.0,,,,1.0,0.0,,,1373,,,19.1,,23.5,24.6,24.3,23.4
108,서울,2020-06-06 1:00,20.7,,,,1.1,,320,,77,,18.8,16.5,998.5,,1008.4,,,9.0,,,,4.0,0.0,,,1399,,,18.7,,23.0,24.3,23.8,23.4
108,서울,2020-06-06 2:00,20.3,,,,0.9,,50,,80,,19.0,16.7,998.4,,1008.3,,,9.0,,,,3.0,0.0,,,1394,,,18.2,,22.6,24.1,23.4,23.3
108,서울,2020-06-06 3:00,20.1,,,,1.0,,70,,80,,18.8,16.5,998.4,,1008.3,,,9.0,,,,2.0,0.0,Ci,,1349,,,17.8,,22.2,23.9,23.0,23.2
108,서울,2020-06-06 4:00,19.7,,,,1.7,,70,,81,,18.5,16.3,998.3,,1008.1,,,9.0,,,,0.0,0.0,,,1461,,,17.5,,21.9,23.6,22.7,23.1
108,서울,2020-06-06 5:00,19.4,,,,1.5,,70,,82,,18.4,16.2,998.3,,1008.2,,,9.0,,,,0.0,0.0,,,1456,,,17.3,,21.5,23.4,22.4,23.0
108,서울,2020-06-06 6:00,19.2,,,,1.2,,70,,82,,18.2,16.0,998.3,,1008.2,,0.0,,0.06,,,1.0,1.0,Ac,35.0,1428,,,18.1,,21.3,23.2,22.1,22.9
108,서울,2020-06-06 7:00,20.1,,,,1.8,,90,,79,,18.5,16.3,998.5,,1008.4,,0.2,,0.4,,,2.0,2.0,Ac,35.0,1463,,,21.4,,21.4,23.0,22.0,22.8
108,서울,2020-06-06 8:00,22.0,,,,2.1,,90,,70,,18.4,16.2,998.7,,1008.5,,1.0,,1.01,,,0.0,0.0,,,1641,,,27.2,,22.1,22.8,22.2,22.6
108,서울,2020-06-06 9:00,24.0,,,,2.3,,90,,65,,19.4,17.0,998.5,,1008.2,,1.0,,1.71,,,0.0,0.0,,,1334,,,33.9,,23.2,22.7,22.7,22.5
108,서울,2020-06-06 10:00,25.6,,,,2.4,,140,,58,,19.0,16.7,998.6,,1008.3,,1.0,,2.34,,,6.0,0.0,Ci,,1057,,,40.4,,24.8,22.7,23.5,22.4
108,서울,2020-06-06 11:00,26.1,,,,1.6,,110,,57,,19.2,16.9,998.6,,1008.3,,0.3,,1.78,,,8.0,0.0,Ci,,915,,40.0,36.6,,25.7,22.8,24.2,22.3
108,서울,2020-06-06 12:00,28.2,,,,2.4,,90,,50,,19.0,16.7,998.1,,1007.7,,1.0,,3.13,,,8.0,0.0,Ci,,1059,,40.0,49.6,,27.0,23.0,25.1,22.3
108,서울,2020-06-06 13:00,29.3,,,,1.8,,110,,47,,19.1,16.8,997.6,,1007.1,,0.9,,3.09,,,8.0,1.0,ScCi,10.0,1274,,,51.9,,28.5,23.3,26.2,22.4
108,서울,2020-06-06 14:00,29.4,,,,2.0,,160,,45,,18.4,16.2,997.3,,1006.8,,0.5,,2.45,,,2.0,2.0,Sc,10.0,1452,,,47.5,,29.3,23.7,27.1,22.4
108,서울,2020-06-06 15:00,30.5,,,,2.5,,230,,42,,18.3,16.1,996.7,,1006.2,,0.9,,2.69,,,2.0,2.0,Sc,10.0,1333,,,50.6,,29.8,24.1,27.8,22.6
108,서울,2020-06-06 16:00,30.6,,,,1.8,,320,,41,,17.9,15.8,996.4,,1005.9,,0.6,,2.17,,,5.0,3.0,ScAc,15.0,1591,,,44.5,,30.2,24.5,28.3,22.8
108,서울,2020-06-06 17:00,29.1,,,,3.8,,290,,52,,20.9,18.2,996.6,,1006.1,,0.2,,1.07,,,5.0,2.0,ScAc,15.0,677,,40.0,37.1,,29.5,24.9,28.3,23.0
108,서울,2020-06-06 18:00,28.1,,,,3.4,,290,,55,,20.9,18.2,996.8,,1006.4,,1.0,,0.99,,,0.0,0.0,,,762,,40.0,33.3,,28.9,25.2,28.1,23.2
108,서울,2020-06-06 19:00,27.1,,,,2.2,,290,,59,,21.0,18.3,997.2,,1006.8,,0.0,,0.41,,,2.0,0.0,,,820,,40.0,28.3,,28.0,25.4,27.7,23.4
108,서울,2020-06-06 20:00,26.0,,,,1.7,,250,,60,,20.1,17.6,997.5,,1007.2,,0.0,,0.08,,,2.0,2.0,,42.0,782,,40.0,24.7,,27.0,25.5,27.1,23.6
108,서울,2020-06-06 21:00,25.2,,,,2.6,,290,,62,,19.7,17.3,998.2,,1007.9,,,9.0,,,,1.0,1.0,Sc,10.0,774,,40.0,23.2,,26.1,25.5,26.5,23.7
108,서울,2020-06-06 22:00,24.8,,,,2.0,,290,,63,,19.6,17.2,999.0,,1008.8,,,9.0,,,,2.0,1.0,,21.0,676,,40.0,22.6,,25.5,25.4,25.9,23.8
108,서울,2020-06-06 23:00,23.4,,,,2.8,,290,,66,,18.9,16.6,999.8,,1009.5,,,9.0,,,,6.0,6.0,,10.0,413,,40.0,21.9,,25.0,25.2,25.5,23.8
108,서울,2020-06-07 0:00,21.4,,,,2.5,,290,,73,,18.5,16.3,1000.0,,1009.9,,,9.0,,,,4.0,2.0,ScAc,10.0,330,,40.0,20.4,,24.4,25.0,25.0,23.8
108,서울,2020-06-07 1:00,20.7,,,,2.6,,270,,75,,18.3,16.1,1000.5,,1010.4,,,9.0,,,,3.0,3.0,,11.0,522,,40.0,20.3,,23.9,24.8,24.6,23.8
108,서울,2020-06-07 2:00,20.0,,,,2.6,,270,,77,,17.9,15.8,1000.8,,1010.8,,,9.0,,,,2.0,2.0,,61.0,725,,40.0,19.1,,23.4,24.6,24.1,23.7
108,서울,2020-06-07 3:00,19.4,,,,1.4,,320,,78,,17.5,15.4,1001.3,,1011.2,,,9.0,,,,2.0,2.0,Sc,10.0,1084,,40.0,18.3,,22.9,24.4,23.7,23.7
108,서울,2020-06-07 4:00,19.3,,,,1.4,,290,,78,,17.4,15.3,1001.2,,1011.1,,,9.0,,,,8.0,8.0,Sc,6.0,1062,,,19.2,,22.5,24.2,23.3,23.6
108,서울,2020-06-07 5:00,19.4,,,,0.6,,230,,76,,17.0,15.0,1001.5,,1011.4,,,9.0,,,,9.0,9.0,Sc,6.0,826,,19.0,19.3,,22.3,24.0,23.1,23.5
108,서울,2020-06-07 6:00,19.6,,,,1.8,,270,,78,,17.7,15.6,1002.3,,1012.2,,0.0,,0.04,,,9.0,9.0,Sc,6.0,667,,19.0,19.9,,22.2,23.8,22.9,23.4
108,서울,2020-06-07 7:00,19.6,,,,2.1,,290,,78,,17.7,15.6,1002.6,,1012.5,,0.0,,0.2,,,9.0,9.0,Sc,5.0,672,,19.0,21.6,,22.3,23.6,22.8,23.2
108,서울,2020-06-07 8:00,20.1,,,,1.9,,230,,78,,18.3,16.1,1002.5,,1012.5,,0.0,,0.43,,,9.0,9.0,Sc,5.0,521,,19.0,24.1,,22.6,23.4,22.8,23.1
108,서울,2020-06-07 9:00,20.9,,,,2.0,,270,,75,,18.4,16.2,1003.1,,1013.0,,0.1,,0.88,,,8.0,8.0,Sc,6.0,704,,19.0,27.8,,23.1,23.3,23.0,23.0
108,서울,2020-06-07 10:00,22.4,,,,2.4,,230,,69,,18.6,16.4,1002.8,,1012.6,,0.3,,1.57,,,8.0,8.0,Sc,7.0,900,,19.0,37.5,,24.2,23.2,23.4,22.9
108,서울,2020-06-07 11:00,24.4,,,,2.9,,180,,62,,18.9,16.6,1002.4,,1012.1,,0.9,,3.09,,,6.0,6.0,Sc,9.0,1415,,19.0,47.1,,26.3,23.2,24.4,22.8
108,서울,2020-06-07 12:00,24.8,,,,2.3,,230,,61,,19.0,16.7,1002.3,,1012.1,,1.0,,3.52,,,5.0,5.0,Sc,10.0,1334,,,52.1,,28.1,23.4,25.6,22.8
108,서울,2020-06-07 13:00,26.1,,,,2.4,,180,,56,,18.9,16.6,1001.5,,1011.2,,1.0,,3.51,,,2.0,0.0,Ci,,1322,,,54.4,,29.6,23.7,26.8,22.8
108,서울,2020-06-07 14:00,27.4,,,,1.7,,180,,50,,18.2,16.0,1001.1,,1010.8,,1.0,,3.4,,,2.0,0.0,Ci,,1368,,,54.5,,30.4,24.1,27.8,22.9
108,서울,2020-06-07 15:00,28.4,,,,3.0,,230,,45,,17.4,15.3,1000.5,,1010.1,,1.0,,3.14,,,0.0,0.0,,,1525,,,53.1,,31.2,24.5,28.6,23.0
108,서울,2020-06-07 16:00,28.9,,,,3.2,,290,,49,,19.5,17.1,1000.3,,1009.9,,1.0,,2.59,,,2.0,0.0,Ci,,1551,,,48.6,,31.3,25.0,29.1,23.2
108,서울,2020-06-07 17:00,28.0,,,,3.6,,320,,52,,19.6,17.2,1000.3,,1009.9,,1.0,,1.93,,,3.0,0.0,Ci,,1272,,,41.9,,30.7,25.4,29.2,23.4
108,서울,2020-06-07 18:00,25.7,,,,4.3,,320,,62,,20.4,17.8,1000.7,,1010.4,,1.0,,1.14,,,2.0,0.0,Ci,,992,,40.0,33.3,,29.7,25.8,28.8,23.7
108,서울,2020-06-07 19:00,24.5,,,,3.3,,320,,67,,20.5,17.9,1000.9,,1010.6,,0.9,,0.49,,,0.0,0.0,,,861,,40.0,27.0,,28.5,26.0,28.3,23.9
108,서울,2020-06-07 20:00,23.0,,,,2.2,,290,,72,,20.1,17.6,1001.4,,1011.2,,0.0,,0.11,,,0.0,0.0,,,900,,40.0,23.1,,27.3,26.0,27.5,24.1
108,서울,2020-06-07 21:00,22.3,,,,2.1,,270,,75,,20.1,17.6,1001.9,,1011.7,,,9.0,,,,0.0,0.0,,,833,,40.0,21.5,,26.2,26.0,26.8,24.2
108,서울,2020-06-07 22:00,21.6,,,,2.2,,290,,77,,19.7,17.3,1002.7,,1012.6,,,9.0,,,,0.0,0.0,,,747,,40.0,20.6,,25.4,25.9,26.1,24.3
108,서울,2020-06-07 23:00,21.0,,,,1.6,,320,,80,,19.9,17.4,1003.0,,1012.9,,,9.0,,,,0.0,0.0,,,674,,4019.0,19.9,,24.8,25.7,25.5,24.3
108,서울,2020-06-08 0:00,20.6,,,,2.0,,290,,81,,19.6,17.2,1003.3,,1013.2,,,9.0,,,,0.0,0.0,,,641,,19.0,19.4,,24.2,25.4,25.0,24.3
108,서울,2020-06-08 1:00,19.9,,,,2.6,,290,,85,,19.6,17.2,1003.7,,1013.7,,,9.0,,,,6.0,0.0,,,486,,19.0,19.0,,23.7,25.2,24.6,24.3
108,서울,2020-06-08 2:00,19.8,,,,1.1,,250,,85,,19.5,17.1,1004.1,,1014.1,,,9.0,,,,7.0,7.0,,3.0,534,,19.0,20.7,,23.5,25.0,24.2,24.2
108,서울,2020-06-08 3:00,19.8,,,,1.1,,360,,86,,19.7,17.3,1004.1,,1014.1,,,9.0,,,,10.0,10.0,St,3.0,450,,19.0,20.9,,23.4,24.7,24.0,24.1
108,서울,2020-06-08 4:00,20.0,,,,0.9,,200,,86,,20.0,17.5,1004.4,,1014.4,,,9.0,,,,10.0,10.0,St,3.0,522,,19.0,21.1,,23.2,24.5,23.8,24.0
108,서울,2020-06-08 5:00,20.1,,,,0.7,,20,,86,,20.1,17.6,1004.7,,1014.7,,,9.0,,,,10.0,10.0,St,4.0,639,,19.0,21.0,,23.1,24.3,23.6,23.9
108,서울,2020-06-08 6:00,20.3,,,,1.2,,50,,85,,20.1,17.6,1005.1,,1015.1,,0.0,,0.03,,,10.0,10.0,St,4.0,641,,19.0,21.4,,23.0,24.2,23.5,23.8
108,서울,2020-06-08 7:00,21.0,,,,1.2,,90,,84,,20.8,18.1,1005.2,,1015.1,,0.2,,0.28,,,5.0,5.0,Sc,6.0,807,,19.0,24.7,,23.1,24.0,23.4,23.6
108,서울,2020-06-08 8:00,22.5,,,,1.2,,90,,77,,20.9,18.2,1005.3,,1015.2,,0.9,,1.05,,,3.0,3.0,Sc,8.0,866,,19.0,29.9,,23.7,23.9,23.6,23.5
108,서울,2020-06-08 9:00,23.6,,,,2.0,,70,,73,,21.2,18.4,1005.1,,1014.9,,0.4,,1.2,,,1.0,1.0,Sc,10.0,872,,19.0,31.9,,24.4,23.8,24.0,23.5
108,서울,2020-06-08 10:00,25.5,,,,1.4,,200,,65,,21.2,18.4,1005.0,,1014.8,,1.0,,2.29,,,1.0,1.0,Sc,8.0,894,,4019.0,43.7,,25.8,23.8,24.6,23.4
108,서울,2020-06-08 11:00,26.8,,,,1.5,,320,,58,,20.4,17.8,1004.7,,1014.4,,1.0,,2.78,,,0.0,0.0,,,1200,,40.0,49.5,,27.5,23.9,25.5,23.3
108,서울,2020-06-08 12:00,28.9,,,,2.1,,270,,49,,19.5,17.1,1004.5,,1014.1,,1.0,,3.17,,,3.0,0.0,Ci,,1448,,,54.1,,29.4,24.1,26.6,23.3
108,서울,2020-06-08 13:00,29.8,,,,2.8,,270,,46,,19.2,16.9,1004.0,,1013.6,,1.0,,3.28,,,0.0,0.0,,,1840,,,56.2,,30.6,24.4,27.7,23.4
108,서울,2020-06-08 14:00,30.6,,,,2.9,,270,,44,,19.2,16.9,1003.5,,1013.1,,1.0,,3.25,,,0.0,0.0,,,1773,,,56.4,,31.5,24.8,28.6,23.5
108,서울,2020-06-08 15:00,31.2,,,,2.2,,290,,41,,18.5,16.3,1003.1,,1012.7,,1.0,,2.95,,,0.0,0.0,,,1443,,,54.9,,32.0,25.3,29.4,23.6
108,서울,2020-06-08 16:00,31.6,,,,2.8,,290,,43,,19.9,17.4,1003.2,,1012.8,,1.0,,2.38,,,0.0,0.0,,,1040,,,49.7,,32.0,25.7,29.7,23.8
108,서울,2020-06-08 17:00,30.7,,,,3.8,,290,,45,,19.7,17.3,1003.4,,1013.0,,1.0,,1.78,,,0.0,0.0,,,1633,,,43.1,,31.4,26.1,29.8,24.0
108,서울,2020-06-08 18:00,28.5,,,,5.1,,290,,53,,20.5,17.9,1003.8,,1013.4,,1.0,,1.13,,,0.0,0.0,,,1505,,,35.2,,30.5,26.4,29.5,24.3
108,서울,2020-06-08 19:00,26.4,,,,3.8,,290,,57,,19.5,17.1,1004.5,,1014.2,,0.8,,0.46,,,0.0,0.0,,,1904,,,28.6,,29.4,26.6,29.0,24.5
108,서울,2020-06-08 20:00,25.4,,,,3.8,,290,,63,,20.4,17.8,1004.9,,1014.7,,0.0,,0.1,,,1.0,0.0,,,1867,,,25.1,,28.2,26.7,28.3,24.7
108,서울,2020-06-08 21:00,24.4,,,,2.6,,360,,60,,18.3,16.1,1005.4,,1015.1,,,9.0,,,,0.0,0.0,,,2000,,,23.0,,27.2,26.7,27.6,24.8
108,서울,2020-06-08 22:00,23.8,,,,2.0,,290,,60,,17.6,15.5,1006.1,,1015.9,,,9.0,,,,0.0,0.0,,,2000,,,21.8,,26.3,26.5,27.0,24.9
108,서울,2020-06-08 23:00,23.4,,,,0.6,,320,,60,,17.2,15.1,1006.4,,1016.2,,,9.0,,,,0.0,0.0,,,2000,,,20.9,,25.7,26.3,26.4,24.9
108,서울,2020-06-09 0:00,22.9,,,,1.4,,70,,62,,17.3,15.2,1005.8,,1015.6,,,9.0,,,,0.0,0.0,,,2000,,,20.2,,25.1,26.1,25.9,24.9
108,서울,2020-06-09 1:00,22.5,,,,0.9,,20,,63,,17.0,15.0,1005.4,,1015.3,,,9.0,,,,0.0,0.0,,,2000,,,19.5,,24.6,25.9,25.4,24.9
108,서울,2020-06-09 2:00,22.0,,,,1.6,,320,,65,,17.2,15.1,1005.3,,1015.2,,,9.0,,,,0.0,0.0,,,2000,,,19.1,,24.1,25.6,24.9,24.8
108,서울,2020-06-09 3:00,21.4,,,,1.3,,290,,67,,17.0,15.0,1005.0,,1014.9,,,9.0,,,,0.0,0.0,,,1982,,,18.5,,23.7,25.4,24.6,24.7
108,서울,2020-06-09 4:00,20.9,,,,2.2,,320,,70,,17.3,15.2,1005.6,,1015.5,,,9.0,,,,0.0,0.0,,,1913,,,18.2,,23.3,25.2,24.2,24.6
108,서울,2020-06-09 5:00,20.5,,,,1.5,,320,,71,,17.0,15.0,1005.7,,1015.7,,,9.0,,,,0.0,0.0,,,1792,,,17.9,,23.0,24.9,23.9,24.5
108,서울,2020-06-09 6:00,20.4,,,,1.5,,50,,73,,17.4,15.3,1005.9,,1015.9,,0.0,,0.07,,,2.0,0.0,Ci,,1942,,,18.8,,22.7,24.7,23.6,24.3
108,서울,2020-06-09 7:00,21.4,,,,1.8,,90,,71,,18.1,15.9,1005.7,,1015.6,,1.0,,0.48,,,1.0,0.0,Ci,,1857,,,23.3,,22.8,24.5,23.4,24.2
108,서울,2020-06-09 8:00,23.9,,,,1.1,,110,,64,,18.9,16.6,1005.8,,1015.6,,1.0,,1.21,,,1.0,0.0,Ci,,1763,,,32.0,,23.5,24.3,23.6,24.1
108,서울,2020-06-09 9:00,25.8,,,,1.8,,70,,58,,19.2,16.9,1005.7,,1015.5,,1.0,,1.81,,,1.0,0.0,Ci,,1858,,,39.6,,24.7,24.2,24.1,23.9
108,서울,2020-06-09 10:00,27.7,,,,1.2,,250,,50,,18.5,16.3,1005.2,,1014.9,,1.0,,2.43,,,2.0,0.0,Ci,,1650,,,47.3,,26.5,24.1,24.9,23.8
108,서울,2020-06-09 11:00,29.5,,,,3.1,,320,,40,,16.4,14.4,1004.8,,1014.4,,1.0,,3.05,,,1.0,0.0,Ci,,1835,,,53.1,,28.5,24.2,26.0,23.7
108,서울,2020-06-09 12:00,31.1,,,,1.8,,340,,40,,18.1,15.9,1004.3,,1013.9,,1.0,,3.4,,,3.0,0.0,Ci,,1723,,,58.5,,30.2,24.4,27.1,23.7
108,서울,2020-06-09 13:00,31.9,,,,3.4,,290,,38,,17.9,15.8,1003.9,,1013.5,,1.0,,3.19,,,4.0,0.0,Ci,,1555,,,58.1,,31.4,24.8,28.3,23.7
108,서울,2020-06-09 14:00,32.6,,,,3.7,,320,,36,,17.6,15.5,1003.5,,1013.0,,1.0,,3.5,,,3.0,0.0,Ci,,1788,,,58.7,,32.3,25.2,29.1,23.9
108,서울,2020-06-09 15:00,32.7,,,,3.0,,340,,38,,18.8,16.5,1003.1,,1012.6,,1.0,,3.0,,,3.0,0.0,Ci,,1611,,,54.0,,32.4,25.7,29.7,24.0
108,서울,2020-06-09 16:00,32.5,,,,3.5,,290,,41,,20.0,17.5,1003.0,,1012.5,,0.9,,2.35,,,5.0,0.0,Ci,,1530,,,50.3,,32.2,26.1,29.9,24.2
108,서울,2020-06-09 17:00,31.9,,,,3.6,,320,,38,,17.9,15.8,1002.8,,1012.3,,1.0,,2.0,,,2.0,0.0,Ci,,1953,,,45.7,,31.8,26.4,29.9,24.4
108,서울,2020-06-09 18:00,31.2,,,,3.0,,320,,36,,16.3,14.3,1002.8,,1012.4,,1.0,,1.28,,,3.0,0.0,Ci,,1919,,,37.2,,31.0,26.7,29.7,24.7
108,서울,2020-06-09 19:00,30.0,,,,3.2,,320,,36,,15.2,13.2,1002.9,,1012.5,,0.9,,0.49,,,5.0,0.0,,,1880,,,30.3,,29.9,26.9,29.3,24.9
108,서울,2020-06-09 20:00,28.2,,,,3.5,,290,,46,,17.5,15.4,1003.1,,1012.7,,0.1,,0.1,,,5.0,0.0,,,1937,,,26.1,,28.7,27.0,28.7,25.0
108,서울,2020-06-09 21:00,26.6,,,,2.3,,290,,49,,17.0,15.0,1003.5,,1013.2,,,9.0,,,,7.0,0.0,Ci,,1956,,,24.3,,27.7,27.0,28.0,25.2
108,서울,2020-06-09 22:00,25.7,,,,1.4,,270,,52,,17.0,15.0,1003.8,,1013.6,,,9.0,,,,6.0,0.0,,,1895,,,22.7,,26.9,26.9,27.4,25.2
108,서울,2020-06-09 23:00,25.2,,,,2.3,,290,,53,,16.9,14.9,1003.8,,1013.6,,,9.0,,,,4.0,0.0,,,1927,,,22.1,,26.2,26.7,26.8,25.3
108,서울,2020-06-10 0:00,24.6,,,,1.6,,290,,52,,16.0,14.0,1003.7,,1013.4,,,9.0,,,,5.0,0.0,Ci,,1974,,,21.7,,25.7,26.5,26.4,25.3
108,서울,2020-06-10 1:00,24.3,,,,1.2,,320,,54,,16.3,14.3,1003.3,,1013.0,,,9.0,,,,7.0,,,,2000,,,21.3,,25.2,26.3,25.9,25.2
108,서울,2020-06-10 2:00,23.9,,,,0.6,,290,,55,,16.3,14.3,1003.2,,1013.0,,,9.0,,,,9.0,0.0,,,1999,,,21.2,,24.8,26.1,25.6,25.1
108,서울,2020-06-10 3:00,23.6,,,,1.7,,320,,57,,16.5,14.5,1002.9,,1012.7,,,9.0,,,,9.0,0.0,Ci,,1946,,,21.2,,24.6,25.8,25.3,25.0
108,서울,2020-06-10 4:00,23.2,,,,1.7,,290,,57,,16.2,14.2,1002.8,,1012.6,,,9.0,,,,8.0,0.0,Ci,,1909,,,20.6,,24.3,25.6,25.0,25.0
108,서울,2020-06-10 5:00,22.8,,,,0.5,,320,,59,,16.3,14.3,1002.6,,1012.4,,,9.0,,,,7.0,0.0,Ci,,1959,,,19.7,,24.0,25.4,24.7,24.9
108,서울,2020-06-10 6:00,22.5,,,,1.4,,70,,61,,16.5,14.5,1002.3,,1012.1,,0.0,,0.06,,,9.0,4.0,AcCi,32.0,1961,,,21.5,,23.7,25.2,24.4,24.7
108,서울,2020-06-10 7:00,23.4,,,,2.5,,70,,64,,18.3,16.1,1002.1,,1011.9,,0.2,,0.37,,,6.0,0.0,Ci,,1825,,,25.9,,23.8,25.0,24.3,24.6
108,서울,2020-06-10 8:00,24.9,,,,1.6,,90,,58,,18.2,16.0,1001.6,,1011.4,,0.7,,0.87,,,9.0,0.0,Ci,,1617,,,30.1,,24.5,24.9,24.5,24.5
108,서울,2020-06-10 9:00,26.6,,,,2.1,,70,,54,,18.8,16.5,1001.2,,1010.9,,0.5,,1.16,,,8.0,0.0,Ci,,1872,,,36.7,,25.3,24.8,24.8,24.4
108,서울,2020-06-10 10:00,29.0,,,,1.1,,90,,48,,19.1,16.8,1000.9,,1010.5,,0.9,,2.26,,,8.0,3.0,AcCi,33.0,1322,,,47.0,,26.9,24.8,25.5,24.3
108,서울,2020-06-10 11:00,30.3,,,,2.5,,200,,44,,18.9,16.6,1000.3,,1009.9,,0.8,,2.56,,,7.0,3.0,AcCi,33.0,1423,,,52.8,,28.8,24.8,26.4,24.2
108,서울,2020-06-10 12:00,31.0,,,,3.2,,230,,42,,18.8,16.5,999.7,,1009.2,,0.7,,2.86,,,8.0,2.0,ScAcCi,19.0,1487,,,51.6,,30.3,25.0,27.4,24.2
108,서울,2020-06-10 13:00,31.1,,,,2.6,,230,,44,,19.9,17.4,998.6,,1008.1,,0.4,,2.39,,,9.0,5.0,ScAc,15.0,1880,,,47.7,,31.1,25.3,28.3,24.3
108,서울,2020-06-10 14:00,31.9,,,,2.5,,250,,42,,19.7,17.3,997.8,,1007.3,,0.4,,2.27,,,8.0,3.0,ScAc,15.0,1921,,,52.3,,31.2,25.6,28.8,24.3
108,서울,2020-06-10 15:00,31.9,,,,2.7,,290,,45,,21.2,18.4,996.9,,1006.4,,0.3,,1.85,,,8.0,4.0,AcCi,33.0,1669,,,50.6,,31.3,26.0,29.1,24.5
108,서울,2020-06-10 16:00,30.5,,,,3.0,,320,,50,,21.7,18.8,996.5,,1006.0,,0.3,,1.45,,,9.0,0.0,Ci,,1927,,,39.6,,31.1,26.3,29.3,24.6
108,서울,2020-06-10 17:00,28.7,,,,3.4,,320,,55,,21.6,18.7,996.1,,1005.7,,0.0,,0.53,,,10.0,10.0,As,30.0,2000,,,32.3,,29.9,26.5,29.1,24.8
108,서울,2020-06-10 18:00,25.1,,0.0,,5.8,,360,,74,,23.5,20.1,995.8,,1005.5,,0.0,,0.15,,,10.0,7.0,ScAs,10.0,1376,,1.0,24.2,,28.6,26.7,28.5,24.9
108,서울,2020-06-10 19:00,24.6,,0.0,,2.6,,340,,77,,23.7,20.2,996.2,,1005.8,,0.0,,0.06,,,10.0,8.0,StNs,9.0,1998,,1.0,23.2,,27.3,26.7,27.7,25.1
108,서울,2020-06-10 20:00,23.7,,1.0,,2.8,,290,,83,,24.3,20.6,997.0,,1006.7,,0.0,,0.01,,,10.0,7.0,StNs,7.0,931,,1901.0,22.7,,26.6,26.6,27.1,25.2
108,서울,2020-06-10 21:00,22.8,,2.4,,2.0,,290,,88,,24.4,20.7,997.2,,1007.0,,,9.0,,,,10.0,4.0,StNs,6.0,528,,1901.0,22.6,,25.9,26.5,26.6,25.2
108,서울,2020-06-10 22:00,22.6,,2.4,,0.2,,0,,88,,24.1,20.5,997.0,,1006.8,,,9.0,,,,10.0,6.0,StNs,8.0,701,,1901.0,22.7,,25.3,26.3,26.1,25.2
108,서울,2020-06-10 23:00,22.6,,0.2,,0.9,,290,,89,,24.3,20.6,996.9,,1006.7,,,9.0,,,,10.0,6.0,StNs,6.0,600,,1901.0,22.7,,24.9,26.1,25.6,25.2
108,서울,2020-06-11 0:00,22.5,,0.2,,0.9,,50,,89,,24.1,20.5,995.5,,1005.3,,,9.0,,,,10.0,4.0,StNs,,674,,1901.0,22.5,,24.6,25.9,25.3,25.1
108,서울,2020-06-11 1:00,22.4,,0.0,,2.0,,340,,91,,24.6,20.8,995.5,,1005.3,,,9.0,,,,10.0,4.0,ScAs,10.0,626,,1901.0,22.2,,24.4,25.7,25.1,25.0
108,서울,2020-06-11 2:00,22.1,,,9.0,1.5,,360,,90,,23.8,20.3,995.4,,1005.2,,,9.0,,,,6.0,4.0,,3.0,858,,19.0,22.0,,24.2,25.5,24.8,24.9
108,서울,2020-06-11 3:00,22.2,,,9.0,1.4,,50,,90,,24.0,20.4,994.9,,1004.7,,,9.0,,,,10.0,4.0,ScAs,8.0,891,,19.0,22.1,,24.0,25.3,24.6,24.8
108,서울,2020-06-11 4:00,22.1,,,9.0,1.1,,90,,90,,23.8,20.3,994.4,,1004.2,,,9.0,,,,8.0,8.0,Sc,10.0,783,,19.0,21.9,,23.9,25.2,24.4,24.7
108,서울,2020-06-11 5:00,21.8,,,9.0,1.3,,70,,89,,23.1,19.8,994.6,,1004.4,,,9.0,,,,10.0,6.0,ScAs,13.0,737,,19.0,21.0,,23.7,25.0,24.3,24.6
108,서울,2020-06-11 6:00,21.9,,,9.0,1.5,,90,,88,,23.1,19.8,994.6,,1004.4,,0.0,,0.05,,,6.0,6.0,Sc,12.0,1260,,19.0,21.8,,23.5,24.9,24.1,24.5
108,서울,2020-06-11 7:00,22.4,,,9.0,2.0,,50,,87,,23.5,20.1,994.9,,1004.7,,0.0,,0.26,,,8.0,8.0,Sc,12.0,1377,,,23.1,,23.5,24.7,24.0,24.4
108,서울,2020-06-11 8:00,23.2,,,9.0,1.2,,90,,83,,23.5,20.1,994.8,,1004.5,,0.0,,0.51,,,8.0,8.0,Sc,12.0,1759,,,24.9,,24.0,24.6,24.1,24.3
108,서울,2020-06-11 9:00,24.2,,,9.0,1.1,,90,,80,,24.1,20.5,994.6,,1004.3,,0.0,,0.65,,,8.0,8.0,Sc,12.0,1894,,,27.3,,24.5,24.5,24.3,24.2
108,서울,2020-06-11 10:00,25.9,,,9.0,1.0,,140,,72,,24.0,20.4,994.2,,1003.9,,0.4,,1.82,,,5.0,5.0,Sc,14.0,1912,,,34.3,,25.7,24.5,24.9,24.2
108,서울,2020-06-11 11:00,27.2,,,9.0,2.5,,320,,66,,23.7,20.2,993.9,,1003.5,,0.6,,2.53,,,3.0,3.0,Sc,10.0,1972,,,36.7,,27.3,24.5,25.8,24.1
108,서울,2020-06-11 12:00,28.2,,,9.0,3.5,,360,,61,,23.2,19.9,993.5,,1003.0,,0.9,,3.29,,,5.0,5.0,Sc,10.0,2000,,,37.2,,28.9,24.7,26.8,24.1
108,서울,2020-06-11 13:00,29.2,,,9.0,2.5,,290,,57,,22.9,19.7,992.8,,1002.3,,1.0,,3.72,,,4.0,4.0,Sc,13.0,1907,,,40.4,,30.2,25.0,27.7,24.1
108,서울,2020-06-11 14:00,30.2,,,9.0,3.0,,290,,52,,22.2,19.2,992.2,,1001.7,,1.0,,3.45,,,2.0,2.0,Sc,10.0,1979,,,45.1,,31.2,25.3,28.7,24.2
108,서울,2020-06-11 15:00,31.2,,,9.0,2.7,,270,,44,,19.9,17.4,991.7,,1001.2,,1.0,,3.27,,,2.0,1.0,ScCi,10.0,1995,,,46.4,,32.1,25.8,29.6,24.3
108,서울,2020-06-11 16:00,31.3,,,9.0,3.6,,340,,44,,20.0,17.5,991.6,,1001.1,,1.0,,2.73,,,2.0,0.0,Ci,,2000,,,44.7,,32.1,26.2,30.1,24.5
108,서울,2020-06-11 17:00,31.4,,,9.0,3.2,,320,,44,,20.1,17.6,991.3,,1000.8,,1.0,,2.12,,,1.0,0.0,Ci,,2000,,,41.4,,31.7,26.6,30.2,24.7
108,서울,2020-06-11 18:00,30.5,,,9.0,3.2,,340,,45,,19.6,17.2,991.5,,1001.0,,1.0,,1.24,,,6.0,2.0,AcCi,35.0,2000,,,34.7,,30.9,27.0,30.0,25.0
108,서울,2020-06-11 19:00,29.1,,,9.0,2.3,,320,,49,,19.6,17.2,992.4,,1001.9,,0.1,,0.31,,,7.0,4.0,,69.0,2000,,,29.1,,29.6,27.2,29.4,25.2
108,서울,2020-06-11 20:00,27.7,,,9.0,3.7,,290,,63,,23.4,20.0,993.2,,1002.8,,0.0,,0.08,,,8.0,8.0,,72.0,1916,,,26.6,,28.5,27.3,28.7,25.4
108,서울,2020-06-11 21:00,26.0,,,9.0,4.2,,290,,65,,21.8,18.9,994.4,,1004.1,,,9.0,,,,2.0,2.0,Ac,38.0,1951,,,24.5,,27.5,27.2,28.0,25.5
108,서울,2020-06-11 22:00,25.1,,,9.0,2.8,,320,,70,,22.2,19.2,995.0,,1004.7,,,9.0,,,,7.0,4.0,,73.0,1873,,,23.3,,26.7,27.1,27.4,25.6
108,서울,2020-06-11 23:00,24.6,,,9.0,1.6,,270,,72,,22.2,19.2,994.7,,1004.3,,,9.0,,,,10.0,8.0,,68.0,1973,,,23.1,,26.1,26.9,26.8,25.6
108,서울,2020-06-12 0:00,24.3,,,9.0,1.3,,290,,73,,22.1,19.1,994.3,,1003.9,,,9.0,,,,7.0,0.0,,,1961,,,22.5,,25.6,26.7,26.3,25.6
108,서울,2020-06-12 1:00,23.7,,,,1.6,,290,,75,,21.8,18.9,994.4,,1004.1,,,9.0,,,,5.0,5.0,,66.0,1931,,,21.3,,25.1,26.5,25.9,25.6
108,서울,2020-06-12 2:00,23.3,,,,1.0,,290,,76,,21.7,18.8,994.1,,1003.8,,,9.0,,,,3.0,3.0,,65.0,1900,,,20.4,,24.7,26.3,25.5,25.5
108,서울,2020-06-12 3:00,22.7,,,,1.3,,320,,80,,22.0,19.0,994.2,,1003.9,,,9.0,,,,3.0,0.0,Ci,,1870,,,19.9,,24.2,26.0,25.1,25.4
108,서울,2020-06-12 4:00,22.1,,,,1.7,,320,,82,,21.7,18.8,994.4,,1004.2,,,9.0,,,,4.0,0.0,Ci,,1566,,,19.4,,23.7,25.8,24.7,25.3
108,서울,2020-06-12 5:00,21.7,,,,1.7,,290,,83,,21.4,18.6,994.7,,1004.5,,,9.0,,,,7.0,0.0,Ci,,1557,,,19.5,,23.4,25.6,24.4,25.2
108,서울,2020-06-12 6:00,21.7,,,,0.6,,50,,83,,21.4,18.6,995.0,,1004.8,,0.0,,0.05,,,9.0,0.0,Ci,,1572,,,20.1,,23.2,25.3,24.1,25.0
108,서울,2020-06-12 7:00,22.2,,,,1.7,,70,,82,,21.8,18.9,995.4,,1005.2,,0.1,,0.39,,,8.0,0.0,Ci,,1496,,,22.4,,23.3,25.1,24.0,24.9
108,서울,2020-06-12 8:00,23.5,,,,1.8,,50,,79,,22.8,19.6,995.5,,1005.2,,0.1,,0.61,,,9.0,0.0,Ci,,1383,,,26.2,,23.9,24.9,24.1,24.8
108,서울,2020-06-12 9:00,25.1,,,,1.3,,50,,71,,22.5,19.4,995.8,,1005.5,,0.3,,1.19,,,9.0,0.0,Ci,,1282,,,29.3,,24.9,24.8,24.5,24.6
108,서울,2020-06-12 10:00,26.0,,,,1.9,,200,,67,,22.4,19.3,995.8,,1005.5,,0.0,,1.08,,,9.0,7.0,AcCi,45.0,1190,,,31.4,,25.8,24.8,25.1,24.5
108,서울,2020-06-12 11:00,26.5,,,,1.7,,250,,56,,19.4,17.0,995.7,,1005.3,,0.0,,1.04,,,9.0,4.0,AcCi,45.0,1708,,,31.8,,26.4,24.8,25.6,24.5
108,서울,2020-06-12 12:00,26.8,,,,1.9,,290,,62,,21.8,18.9,995.9,,1005.5,,0.0,,1.01,,,9.0,6.0,AcCi,45.0,1081,,,31.9,,26.7,24.9,26.0,24.4
108,서울,2020-06-12 13:00,27.3,,,,2.1,,290,,51,,18.4,16.2,995.4,,1005.0,,0.0,,1.4,,,9.0,6.0,AcCi,45.0,1849,,,36.0,,27.2,25.0,26.3,24.4
108,서울,2020-06-12 14:00,27.4,,,,2.4,,290,,50,,18.2,16.0,995.0,,1004.6,,0.0,,1.17,,,9.0,4.0,AcCi,45.0,1949,,,33.8,,27.6,25.2,26.7,24.4
108,서울,2020-06-12 15:00,27.1,,,,2.6,,320,,58,,20.8,18.1,995.0,,1004.6,,0.0,,0.97,,,9.0,7.0,AcCi,45.0,847,,40.0,31.2,,27.7,25.3,26.9,24.5
108,서울,2020-06-12 16:00,27.4,,,,2.4,,290,,50,,18.2,16.0,994.8,,1004.4,,0.0,,0.98,,,9.0,3.0,AcCi,45.0,1825,,40.0,34.6,,27.5,25.5,26.9,24.5
108,서울,2020-06-12 17:00,27.0,,,,2.4,,290,,52,,18.4,16.2,994.7,,1004.3,,0.0,,0.78,,,9.0,5.0,AcCi,45.0,1550,,,31.8,,27.5,25.6,26.9,24.6
108,서울,2020-06-12 18:00,26.8,,,,1.9,,320,,55,,19.2,16.9,994.6,,1004.2,,0.0,,0.61,,,9.0,8.0,AcCi,45.0,1340,,,29.2,,27.2,25.7,26.9,24.6
108,서울,2020-06-12 19:00,26.3,,,,1.9,,320,,58,,19.7,17.3,995.0,,1004.6,,0.0,,0.2,,,10.0,7.0,,14.0,1256,,,26.5,,26.7,25.7,26.7,24.7
108,서울,2020-06-12 20:00,25.6,,,,2.2,,290,,63,,20.6,18.0,995.2,,1004.9,,0.0,,0.03,,,10.0,2.0,,47.0,1487,,,24.4,,26.1,25.7,26.3,24.7
108,서울,2020-06-12 21:00,24.6,,,,2.1,,340,,69,,21.3,18.5,995.2,,1004.8,,,9.0,,,,9.0,0.0,Ci,,1627,,,22.9,,25.4,25.7,25.9,24.8
108,서울,2020-06-12 22:00,24.1,,,,1.8,,290,,71,,21.3,18.5,995.4,,1005.1,,,9.0,,,,10.0,9.0,,64.0,1540,,,22.4,,24.9,25.6,25.5,24.8
108,서울,2020-06-12 23:00,23.5,,,,1.8,,290,,72,,20.8,18.1,995.2,,1004.9,,,9.0,,,,10.0,9.0,,66.0,1513,,,21.7,,24.5,25.4,25.1,24.7
108,서울,2020-06-13 0:00,23.0,,,,0.9,,340,,71,,19.9,17.4,995.2,,1004.9,,,9.0,,,,8.0,8.0,,,1652,,,20.8,,24.1,25.3,24.8,24.7
108,서울,2020-06-13 1:00,22.5,,,,0.5,,20,,72,,19.5,17.1,994.8,,1004.5,,,9.0,,,,8.0,4.0,,70.0,1642,,,20.3,,23.7,25.1,24.4,24.6
108,서울,2020-06-13 2:00,22.4,,,,0.9,,20,,67,,18.1,15.9,994.5,,1004.3,,,9.0,,,,10.0,2.0,,,1753,,,20.0,,23.3,25.0,24.1,24.6
108,서울,2020-06-13 3:00,21.7,,,,0.9,,90,,69,,17.8,15.7,994.2,,1004.0,,,9.0,,,,7.0,7.0,Ac,40.0,1744,,,19.3,,23.0,24.8,23.8,24.5
108,서울,2020-06-13 4:00,21.4,,,,0.3,,0,,72,,18.3,16.1,994.2,,1004.0,,,9.0,,,,6.0,6.0,Ac,36.0,1463,,,18.8,,22.7,24.6,23.5,24.4
108,서울,2020-06-13 5:00,21.0,,,,1.2,,290,,76,,18.9,16.6,995.0,,1004.8,,,9.0,,,,3.0,3.0,Ac,38.0,1124,,,18.2,,22.4,24.4,23.2,24.3
108,서울,2020-06-13 6:00,20.7,,,,0.5,,70,,77,,18.8,16.5,995.6,,1005.5,,0.0,,0.06,,,6.0,6.0,Ac,38.0,1379,,,19.0,,22.1,24.3,23.0,24.2
108,서울,2020-06-13 7:00,21.5,,,,1.4,,70,,76,,19.4,17.0,995.9,,1005.7,,0.1,,0.46,,,6.0,6.0,Ac,40.0,1258,,,22.4,,22.4,24.1,22.9,24.1
108,서울,2020-06-13 8:00,23.7,,,,2.2,,70,,68,,19.9,17.4,995.8,,1005.5,,0.7,,1.11,,,4.0,0.0,Ci,,1181,,,29.4,,23.0,23.9,23.1,24.0
108,서울,2020-06-13 9:00,25.6,,,,1.7,,90,,59,,19.2,16.9,996.1,,1005.8,,1.0,,1.88,,,4.0,0.0,Ci,,1422,,,36.0,,24.4,23.9,23.8,23.8
108,서울,2020-06-13 10:00,27.5,,,,1.2,,200,,44,,16.1,14.1,995.5,,1005.1,,1.0,,2.57,,,1.0,0.0,Ci,,1932,,,44.6,,26.4,23.9,24.7,23.8
108,서울,2020-06-13 11:00,29.1,,,,1.8,,340,,34,,13.7,11.6,995.4,,1004.9,,1.0,,3.18,,,1.0,0.0,Ci,,1968,,,50.8,,28.8,24.0,26.0,23.7
108,서울,2020-06-13 12:00,30.7,,,,1.6,,230,,34,,15.0,13.0,994.8,,1004.3,,1.0,,3.47,,,1.0,0.0,Ci,,1730,,,55.5,,30.6,24.3,27.3,23.7
108,서울,2020-06-13 13:00,31.9,,,,1.8,,230,,29,,13.7,11.6,994.8,,1004.3,,1.0,,3.64,,,1.0,0.0,Ci,,1952,,,58.2,,32.3,24.8,28.6,23.8
108,서울,2020-06-13 14:00,32.7,,,,2.0,,270,,29,,14.3,12.3,994.0,,1003.4,,1.0,,3.55,,,0.0,0.0,,,1872,,,58.7,,33.5,25.3,29.9,23.9
108,서울,2020-06-13 15:00,33.1,,,,3.7,,230,,33,,16.6,14.6,992.5,,1001.9,,1.0,,3.17,,,0.0,0.0,,,1773,,,56.2,,34.0,25.8,30.7,24.1
108,서울,2020-06-13 16:00,33.0,,,,2.9,,290,,38,,19.0,16.7,992.5,,1001.9,,1.0,,2.56,,,5.0,3.0,ScCi,10.0,1222,,,50.5,,33.8,26.4,31.1,24.4
108,서울,2020-06-13 17:00,32.0,,,,3.0,,320,,42,,19.9,17.4,992.6,,1002.0,,0.8,,1.6,,,6.0,4.0,ScCi,10.0,1330,,,42.2,,32.9,26.8,31.1,24.7
108,서울,2020-06-13 18:00,30.7,,,,2.7,,320,,46,,20.2,17.7,992.9,,1002.4,,0.1,,0.58,,,8.0,5.0,ScCi,10.0,1337,,,34.7,,31.5,27.2,30.6,24.9
108,서울,2020-06-13 19:00,29.7,,,,3.0,,320,,51,,21.2,18.4,993.6,,1003.1,,0.0,,0.23,,,8.0,2.0,,20.0,1128,,,31.0,,30.3,27.4,29.9,25.2
108,서울,2020-06-13 20:00,28.1,,,,4.3,,290,,50,,18.9,16.6,994.1,,1003.7,,0.0,,0.05,,,9.0,3.0,,16.0,1675,,,28.2,,29.3,27.5,29.3,25.4
108,서울,2020-06-13 21:00,27.2,,,,3.4,,290,,45,,16.2,14.2,994.3,,1003.9,,,9.0,,,,9.0,9.0,Sc,16.0,2000,,,27.0,,28.4,27.4,28.6,25.6
108,서울,2020-06-13 22:00,26.5,,0.0,,3.5,,290,,46,,15.9,13.9,994.7,,1004.3,,,9.0,,,,10.0,7.0,ScAs,9.0,1948,,1.0,26.3,,27.7,27.3,28.1,25.7
108,서울,2020-06-13 23:00,26.0,,0.0,,0.7,,340,,52,,17.4,15.3,994.3,,1004.0,,,9.0,,,,8.0,8.0,Sc,8.0,2000,,1.0,25.4,,27.1,27.2,27.6,25.7
108,서울,2020-06-14 0:00,25.6,,,9.0,1.5,,50,,59,,19.2,16.9,993.8,,1003.5,,,9.0,,,,9.0,9.0,Sc,8.0,2000,,,25.1,,26.7,27.0,27.1,25.7
108,서울,2020-06-14 1:00,25.1,,0.0,,2.4,,200,,68,,21.6,18.7,993.7,,1003.4,,,9.0,,,,9.0,9.0,Sc,9.0,1030,,1.0,24.3,,26.4,26.8,26.8,25.7
108,서울,2020-06-14 2:00,23.8,,0.0,,0.9,,230,,73,,21.4,18.6,993.5,,1003.2,,,9.0,,,,10.0,8.0,ScAs,6.0,557,,1901.0,22.9,,26.0,26.6,26.5,25.6
108,서울,2020-06-14 3:00,22.6,,0.3,,2.4,,290,,87,,23.8,20.3,993.5,,1003.2,,,9.0,,,,10.0,10.0,St,2.0,150,,190201.0,22.3,,25.6,26.5,26.2,25.6
108,서울,2020-06-14 4:00,22.1,,0.8,,1.5,,320,,89,,23.5,20.1,993.1,,1002.9,,,9.0,,,,10.0,10.0,St,2.0,207,,1902.0,22.2,,25.2,26.3,25.8,25.5
108,서울,2020-06-14 5:00,22.2,,0.0,,2.0,,320,,89,,23.7,20.2,993.2,,1003.0,,,9.0,,,,10.0,10.0,St,3.0,341,,1902.0,22.2,,24.9,26.1,25.5,25.4
108,서울,2020-06-14 6:00,22.1,,,9.0,1.4,,320,,88,,23.4,20.0,993.2,,1003.0,,0.0,,0.02,,,9.0,9.0,Sc,6.0,314,,19.0,22.3,,24.6,25.9,25.3,25.3
108,서울,2020-06-14 7:00,22.4,,,9.0,1.6,,290,,84,,22.7,19.5,992.8,,1002.5,,0.1,,0.27,,,7.0,2.0,ScAc,13.0,309,,19.0,24.7,,24.6,25.7,25.1,25.2
108,서울,2020-06-14 8:00,22.7,,,9.0,2.2,,250,,79,,21.7,18.8,993.2,,1002.9,,0.0,,0.55,,,8.0,3.0,ScAc,13.0,428,,19.0,25.0,,24.8,25.6,25.1,25.1
108,서울,2020-06-14 9:00,23.2,,,9.0,2.1,,290,,76,,21.6,18.7,993.9,,1003.6,,0.0,,0.67,,,10.0,6.0,ScAs,16.0,474,,19.0,25.0,,25.2,25.5,25.2,25.0
108,서울,2020-06-14 10:00,23.4,,,9.0,2.1,,270,,70,,20.1,17.6,993.5,,1003.2,,0.0,,0.52,,,9.0,3.0,ScAcCi,16.0,769,,4019.0,25.1,,25.2,25.4,25.2,25.0
108,서울,2020-06-14 11:00,24.3,,,9.0,2.6,,250,,67,,20.2,17.7,993.7,,1003.3,,0.0,,0.89,,,8.0,7.0,AcCi,40.0,722,,40.0,31.2,,25.4,25.3,25.3,24.9
108,서울,2020-06-14 12:00,26.4,,,9.0,3.2,,250,,52,,17.8,15.7,993.8,,1003.4,,0.8,,2.86,,,4.0,0.0,Cc,,1571,,40.0,43.9,,27.4,25.3,25.8,24.8
108,서울,2020-06-14 13:00,27.9,,,9.0,4.1,,290,,43,,16.1,14.1,993.5,,1003.1,,1.0,,3.41,,,1.0,0.0,Ci,,1972,,,48.5,,29.6,25.3,27.0,24.8
108,서울,2020-06-14 14:00,28.2,,,9.0,4.5,,290,,45,,17.2,15.1,993.3,,1002.8,,1.0,,3.41,,,1.0,1.0,Ac,30.0,1955,,,50.3,,30.8,25.5,28.1,24.8
108,서울,2020-06-14 15:00,28.5,,,9.0,4.5,,290,,48,,18.6,16.4,993.4,,1002.9,,1.0,,3.1,,,1.0,1.0,Sc,10.0,2000,,,49.7,,31.3,25.9,28.9,24.8
108,서울,2020-06-14 16:00,28.6,,,9.0,4.3,,270,,48,,18.8,16.5,993.2,,1002.7,,1.0,,2.61,,,0.0,0.0,,,1985,,,46.4,,31.3,26.2,29.3,24.9
108,서울,2020-06-14 17:00,28.5,,,9.0,4.5,,270,,53,,20.5,17.9,993.1,,1002.6,,1.0,,2.09,,,2.0,1.0,ScCi,10.0,1982,,,42.7,,31.1,26.6,29.5,25.1
108,서울,2020-06-14 18:00,26.9,,,9.0,4.0,,270,,59,,20.9,18.2,993.7,,1003.3,,0.9,,1.28,,,1.0,1.0,Sc,10.0,1969,,,35.7,,30.3,26.8,29.3,25.2
108,서울,2020-06-14 19:00,24.9,,,9.0,4.4,,290,,66,,20.8,18.1,994.6,,1004.3,,1.0,,0.7,,,0.0,0.0,,,1750,,,27.3,,29.2,27.0,28.9,25.4
108,서울,2020-06-14 20:00,23.0,,,9.0,4.1,,270,,72,,20.1,17.6,995.1,,1004.8,,0.3,,0.14,,,1.0,0.0,,,1319,,,23.5,,27.8,27.1,28.2,25.5
108,서울,2020-06-14 21:00,22.2,,,9.0,2.9,,270,,74,,19.7,17.3,995.7,,1005.5,,,9.0,,,,0.0,0.0,,,1322,,,21.5,,26.7,27.1,27.4,25.6
108,서울,2020-06-14 22:00,21.4,,,9.0,3.0,,250,,76,,19.2,16.9,996.3,,1006.1,,,9.0,,,,0.0,0.0,,,1174,,,20.3,,25.8,26.9,26.7,25.7
108,서울,2020-06-14 23:00,20.8,,,9.0,2.2,,250,,78,,19.1,16.8,997.0,,1006.9,,,9.0,,,,0.0,0.0,,,1137,,,19.4,,25.1,26.7,26.1,25.7
108,서울,2020-06-15 0:00,20.1,,,9.0,2.4,,270,,81,,19.0,16.7,997.2,,1007.1,,,9.0,,,,0.0,0.0,,,1031,,,18.7,,24.4,26.5,25.6,25.6
108,서울,2020-06-15 1:00,19.7,,,,0.8,,270,,82,,18.8,16.5,997.3,,1007.1,,,9.0,,,,0.0,0.0,,,983,,19.0,17.9,,23.9,26.2,25.1,25.6
108,서울,2020-06-15 2:00,19.3,,,,0.7,,290,,82,,18.3,16.1,997.0,,1006.9,,,9.0,,,,0.0,0.0,,,1013,,19.0,17.2,,23.4,26.0,24.6,25.5
108,서울,2020-06-15 3:00,19.1,,,,1.6,,290,,84,,18.5,16.3,997.1,,1007.0,,,9.0,,,,0.0,0.0,,,954,,19.0,17.0,,23.0,25.7,24.2,25.4
108,서울,2020-06-15 4:00,18.8,,,,1.4,,290,,84,,18.2,16.0,997.2,,1007.1,,,9.0,,,,0.0,0.0,,,1070,,19.0,16.6,,22.6,25.4,23.8,25.2
108,서울,2020-06-15 5:00,18.3,,,,1.6,,270,,85,,17.8,15.7,997.6,,1007.5,,,9.0,,,,2.0,0.0,Ci,,1089,,,16.3,,22.2,25.2,23.5,25.1
108,서울,2020-06-15 6:00,18.2,,,,0.9,,250,,85,,17.7,15.6,997.9,,1007.8,,0.0,,0.08,,,6.0,0.0,Ci,,1210,,,17.3,,22.0,24.9,23.2,24.9
108,서울,2020-06-15 7:00,19.1,,,,0.8,,200,,83,,18.3,16.1,997.8,,1007.7,,0.7,,0.47,,,8.0,0.0,Ci,,1592,,,22.2,,22.2,24.7,23.0,24.4
108,서울,2020-06-15 8:00,20.2,,,,0.7,,270,,78,,18.4,16.2,998.0,,1007.9,,0.2,,0.7,,,7.0,0.0,Ci,,1360,,,26.2,,22.9,24.5,23.2,24.6
108,서울,2020-06-15 9:00,21.9,,,,1.4,,200,,72,,18.9,16.6,997.7,,1007.5,,0.5,,1.39,,,7.0,0.0,Ci,,1357,,,32.0,,24.0,24.4,23.7,24.5
108,서울,2020-06-15 10:00,23.6,,,,3.1,,250,,65,,18.9,16.6,997.1,,1006.8,,0.9,,2.15,,,6.0,0.0,Ci,,1539,,,42.2,,25.7,24.3,24.4,24.4
108,서울,2020-06-15 11:00,25.5,,,,2.8,,250,,56,,18.2,16.0,996.7,,1006.4,,1.0,,2.98,,,5.0,0.0,Ci,,1507,,,47.9,,28.2,24.4,25.6,24.3
108,서울,2020-06-15 12:00,26.5,,,,3.1,,270,,55,,19.0,16.7,996.1,,1005.7,,1.0,,2.64,,,7.0,0.0,Ci,,1818,,,47.8,,29.3,24.6,26.7,24.2
108,서울,2020-06-15 13:00,27.0,,,,4.6,,230,,48,,17.0,15.0,995.9,,1005.5,,1.0,,3.32,,,6.0,0.0,Ci,,1992,,,53.3,,30.6,24.9,27.6,24.3
108,서울,2020-06-15 14:00,27.7,,,,4.6,,270,,39,,14.4,12.4,995.2,,1004.8,,1.0,,3.31,,,6.0,0.0,Ci,,1932,,,54.0,,31.7,25.2,28.5,24.3
108,서울,2020-06-15 15:00,28.6,,,,3.7,,250,,35,,13.7,11.6,995.1,,1004.6,,1.0,,3.24,,,3.0,0.0,Ci,,1999,,,52.1,,32.3,25.6,29.2,24.4
108,서울,2020-06-15 16:00,27.3,,,,4.2,,290,,34,,12.3,10.0,994.8,,1004.4,,1.0,,2.54,,,6.0,0.0,Ci,,2000,,,44.8,,31.8,26.0,29.5,24.6
108,서울,2020-06-15 17:00,26.8,,,,3.9,,250,,33,,11.6,9.1,994.7,,1004.3,,0.9,,1.92,,,7.0,0.0,Ci,,2000,,,39.0,,31.0,26.4,29.4,24.8
108,서울,2020-06-15 18:00,26.0,,,,4.0,,290,,37,,12.4,10.1,995.0,,1004.7,,0.8,,1.22,,,8.0,0.0,Ci,,1979,,,32.3,,29.9,26.6,29.0,25.0
108,서울,2020-06-15 19:00,24.4,,,,4.2,,270,,46,,14.0,12.0,995.1,,1004.7,,0.1,,0.46,,,8.0,0.0,,,2000,,,27.1,,28.6,26.8,28.4,25.2
108,서울,2020-06-15 20:00,23.5,,,,3.1,,270,,47,,13.6,11.5,995.4,,1005.1,,0.0,,0.11,,,8.0,0.0,,,2000,,,22.9,,27.3,26.8,27.7,25.3
108,서울,2020-06-15 21:00,22.6,,,,3.5,,270,,52,,14.2,12.2,995.8,,1005.6,,,9.0,,,,8.0,0.0,Ci,,2000,,,23.2,,26.3,26.8,27.0,25.4
108,서울,2020-06-15 22:00,21.4,,,,4.1,,270,,69,,17.5,15.4,996.3,,1006.1,,,9.0,,,,8.0,0.0,,,1886,,,21.9,,25.5,26.6,26.4,25.5
108,서울,2020-06-15 23:00,21.0,,,,3.2,,270,,78,,19.4,17.0,996.5,,1006.4,,,9.0,,,,6.0,4.0,,5.0,1220,,,21.9,,24.9,26.4,25.9,25.5
108,서울,2020-06-16 0:00,21.1,,,,2.9,,270,,78,,19.5,17.1,996.4,,1006.2,,,9.0,,,,9.0,9.0,,,1036,,,22.5,,24.7,26.2,25.5,25.4
108,서울,2020-06-16 1:00,20.8,,,,2.8,,250,,78,,19.1,16.8,996.4,,1006.3,,,9.0,,,,7.0,7.0,,5.0,888,,19.0,22.2,,24.5,26.0,25.2,25.4
108,서울,2020-06-16 2:00,20.5,,,,2.5,,270,,78,,18.8,16.5,996.3,,1006.2,,,9.0,,,,9.0,9.0,,5.0,780,,19.0,21.9,,24.2,25.8,25.0,25.3
108,서울,2020-06-16 3:00,20.1,,,,2.5,,250,,79,,18.5,16.3,996.1,,1006.0,,,9.0,,,,9.0,9.0,St,5.0,593,,19.0,21.6,,24.0,25.6,24.7,25.2
108,서울,2020-06-16 4:00,20.1,,,,1.2,,270,,79,,18.5,16.3,995.8,,1005.7,,,9.0,,,,9.0,9.0,St,5.0,582,,19.0,21.6,,23.8,25.4,24.5,25.1
108,서울,2020-06-16 5:00,20.0,,,,2.3,,230,,78,,18.2,16.0,996.2,,1006.1,,,9.0,,,,9.0,9.0,St,6.0,527,,19.0,21.0,,23.6,25.3,24.3,25.0
108,서울,2020-06-16 6:00,20.1,,,,0.4,,0,,79,,18.5,16.3,996.6,,1006.5,,0.0,,0.02,,,9.0,9.0,St,6.0,467,,19.0,21.5,,23.4,25.1,24.1,24.9
108,서울,2020-06-16 7:00,20.4,,,,1.3,,230,,77,,18.4,16.2,997.0,,1006.9,,0.0,,0.12,,,9.0,9.0,St,6.0,514,,19.0,22.4,,23.4,25.0,24.0,24.8
108,서울,2020-06-16 8:00,21.1,,,,2.0,,250,,73,,18.2,16.0,996.9,,1006.7,,0.0,,0.51,,,8.0,8.0,Sc,7.0,579,,19.0,25.2,,23.7,24.8,24.0,24.7
108,서울,2020-06-16 9:00,22.4,,,,2.0,,180,,69,,18.6,16.4,996.5,,1006.3,,0.3,,1.01,,,6.0,2.0,ScCi,10.0,649,,4019.0,30.7,,24.5,24.7,24.3,24.6
108,서울,2020-06-16 10:00,23.4,,,,2.0,,250,,63,,18.1,15.9,996.7,,1006.4,,0.6,,1.73,,,6.0,2.0,ScCi,10.0,691,,40.0,33.2,,25.8,24.7,24.8,24.5
108,서울,2020-06-16 11:00,25.4,,,,2.2,,340,,55,,17.7,15.6,996.4,,1006.1,,1.0,,3.02,,,4.0,4.0,Sc,10.0,782,,40.0,45.8,,28.2,24.7,25.7,24.5
108,서울,2020-06-16 12:00,27.2,,,,1.9,,200,,50,,17.9,15.8,996.1,,1005.7,,0.8,,3.07,,,3.0,3.0,Sc,13.0,783,,40.0,48.4,,29.9,24.9,26.9,24.4
108,서울,2020-06-16 13:00,28.5,,,,2.0,,270,,47,,18.2,16.0,995.7,,1005.3,,0.8,,3.12,,,3.0,3.0,Sc,10.0,842,,40.0,50.5,,31.3,25.1,27.8,24.4
108,서울,2020-06-16 14:00,29.5,,,,2.5,,270,,43,,17.6,15.5,995.1,,1004.6,,1.0,,3.58,,,3.0,0.0,Ci,,1022,,40.0,53.1,,32.6,25.5,28.9,24.5
108,서울,2020-06-16 15:00,30.4,,,,2.0,,320,,39,,16.8,14.8,994.2,,1003.7,,1.0,,3.13,,,4.0,1.0,ScCi,10.0,1338,,,51.6,,33.2,25.9,29.7,24.6
108,서울,2020-06-16 16:00,30.4,,,,2.2,,320,,39,,16.8,14.8,993.9,,1003.4,,1.0,,2.52,,,5.0,0.0,Ci,,1214,,,46.8,,33.2,26.3,30.1,24.8
108,서울,2020-06-16 17:00,29.6,,,,3.7,,290,,49,,20.2,17.7,994.2,,1003.7,,1.0,,1.78,,,4.0,0.0,Ci,,707,,40.0,40.7,,32.5,26.7,30.2,25.0
108,서울,2020-06-16 18:00,28.0,,,,3.0,,290,,53,,20.0,17.5,994.5,,1004.1,,0.0,,0.73,,,8.0,0.0,Ci,,672,,40.0,33.8,,31.1,27.0,29.9,25.2
108,서울,2020-06-16 19:00,26.8,,,,3.2,,290,,56,,19.6,17.2,995.0,,1004.6,,0.0,,0.32,,,9.0,4.0,,26.0,673,,40.0,29.7,,29.8,27.2,29.4,25.4
108,서울,2020-06-16 20:00,25.9,,,,2.4,,290,,57,,19.0,16.7,995.7,,1005.4,,0.0,,0.08,,,8.0,1.0,,61.0,770,,40.0,26.6,,28.6,27.3,28.7,25.6
108,서울,2020-06-16 21:00,24.9,,,,1.9,,290,,63,,19.7,17.3,996.0,,1005.7,,,9.0,,,,9.0,0.0,Ci,,707,,40.0,24.9,,27.6,27.3,28.1,25.7
108,서울,2020-06-16 22:00,23.9,,,,2.0,,290,,67,,19.7,17.3,996.3,,1006.0,,,9.0,,,,7.0,0.0,,,583,,40.0,23.5,,26.8,27.2,27.5,25.8
108,서울,2020-06-16 23:00,22.8,,,,1.7,,320,,68,,18.8,16.5,996.3,,1006.0,,,9.0,,,,1.0,0.0,,,542,,40.0,21.7,,26.0,27.0,26.9,25.8
108,서울,2020-06-17 0:00,22.2,,,,1.9,,320,,72,,19.2,16.9,995.8,,1005.6,,,9.0,,,,0.0,0.0,,,468,,40.0,20.7,,25.3,26.8,26.3,25.8
108,서울,2020-06-17 1:00,21.6,,,,1.3,,20,,72,,18.5,16.3,995.6,,1005.4,,,9.0,,,,7.0,0.0,,,477,,40.0,20.1,,24.7,26.6,25.8,25.8
108,서울,2020-06-17 2:00,21.4,,,,0.8,,340,,73,,18.5,16.3,995.8,,1005.6,,,9.0,,,,7.0,0.0,,,480,,40.0,19.8,,24.2,26.4,25.4,25.7
108,서울,2020-06-17 3:00,20.9,,,,0.4,,0,,74,,18.2,16.0,995.6,,1005.4,,,9.0,,,,0.0,0.0,,,519,,40.0,19.1,,23.8,26.1,25.0,25.6
108,서울,2020-06-17 4:00,20.7,,,,0.3,,0,,76,,18.5,16.3,995.8,,1005.7,,,9.0,,,,0.0,0.0,,,470,,40.0,18.9,,23.4,25.9,24.6,25.5
108,서울,2020-06-17 5:00,20.4,,,,0.7,,20,,77,,18.4,16.2,996.0,,1005.9,,,9.0,,,,3.0,0.0,Ci,,419,,40.0,18.6,,23.1,25.7,24.3,25.4
108,서울,2020-06-17 6:00,20.2,,,,1.2,,70,,79,,18.6,16.4,996.1,,1006.0,,0.0,,0.1,,,9.0,0.0,Ci,,456,,40.0,20.2,,22.9,25.5,24.0,25.2
108,서울,2020-06-17 7:00,21.6,,,,1.0,,90,,73,,18.8,16.5,995.8,,1005.6,,0.6,,0.51,,,9.0,0.0,Ci,,670,,40.0,23.8,,23.3,25.2,23.9,25.1
108,서울,2020-06-17 8:00,23.5,,,,1.1,,140,,64,,18.4,16.2,995.9,,1005.6,,0.8,,0.99,,,9.0,0.0,Ci,,1159,,40.0,28.9,,24.1,25.1,24.2,25.0
108,서울,2020-06-17 9:00,24.7,,,,1.7,,200,,58,,17.9,15.8,995.8,,1005.4,,0.6,,1.47,,,8.0,0.0,Ci,,1150,,,32.9,,25.4,25.0,24.7,24.9
108,서울,2020-06-17 10:00,25.8,,,,2.5,,200,,56,,18.5,16.3,995.7,,1005.4,,0.2,,1.65,,,9.0,0.0,Ci,,1023,,,35.7,,26.7,24.9,25.4,24.8
108,서울,2020-06-17 11:00,26.3,,,,1.9,,270,,55,,18.8,16.5,995.4,,1005.1,,0.0,,1.44,,,9.0,4.0,ScCi,12.0,1003,,,35.6,,27.4,25.0,26.0,24.7
108,서울,2020-06-17 12:00,27.6,,,,2.3,,250,,50,,18.4,16.2,995.2,,1004.8,,0.2,,1.88,,,8.0,0.0,Ci,,1104,,,43.0,,28.2,25.1,26.5,24.7
108,서울,2020-06-17 13:00,29.2,,,,2.8,,230,,41,,16.5,14.5,994.8,,1004.3,,1.0,,3.47,,,7.0,0.0,Ci,,1569,,,52.0,,30.9,25.3,27.4,24.7
108,서울,2020-06-17 14:00,29.9,,,,2.8,,200,,40,,16.8,14.8,994.1,,1003.6,,1.0,,3.42,,,7.0,0.0,Ci,,1411,,,51.9,,32.7,25.6,28.7,24.7
108,서울,2020-06-17 15:00,30.3,,,,2.9,,250,,44,,18.9,16.6,993.8,,1003.3,,1.0,,2.75,,,7.0,0.0,Ci,,869,,40.0,49.0,,33.2,25.9,29.6,24.8
108,서울,2020-06-17 16:00,29.0,,,,2.0,,250,,48,,19.1,16.8,994.1,,1003.6,,0.4,,1.5,,,8.0,4.0,ScCi,13.0,831,,40.0,39.4,,32.3,26.3,29.9,24.9
108,서울,2020-06-17 17:00,27.6,,,,4.1,,270,,46,,16.9,14.9,994.2,,1003.8,,0.1,,1.13,,,8.0,0.0,Ci,,1760,,40.0,36.5,,31.1,26.7,29.6,25.1
108,서울,2020-06-17 18:00,26.6,,,,3.4,,270,,44,,15.3,13.3,994.4,,1004.0,,0.0,,0.58,,,9.0,0.0,Ci,,2000,,,31.4,,29.9,26.9,29.2,25.3
108,서울,2020-06-17 19:00,25.3,,,,3.8,,290,,53,,17.0,15.0,994.8,,1004.5,,0.0,,0.3,,,9.0,6.0,,71.0,2000,,,28.0,,28.8,27.0,28.6,25.5
108,서울,2020-06-17 20:00,24.1,,,,2.9,,290,,57,,17.0,15.0,995.4,,1005.1,,0.0,,0.06,,,10.0,9.0,,71.0,2000,,,25.1,,27.6,27.0,28.0,25.7
108,서울,2020-06-17 21:00,22.8,,,,3.0,,290,,59,,16.3,14.3,995.8,,1005.5,,,9.0,,,,9.0,0.0,Ci,,1977,,,23.5,,26.7,26.9,27.3,25.6
108,서울,2020-06-17 22:00,22.1,,,,2.1,,320,,63,,16.7,14.7,995.8,,1005.6,,,9.0,,,,10.0,9.0,,70.0,1875,,,22.5,,25.9,26.8,26.8,25.7
108,서울,2020-06-17 23:00,21.7,,,,2.0,,290,,62,,16.0,14.0,995.9,,1005.7,,,9.0,,,,10.0,9.0,,67.0,1936,,,21.6,,25.3,26.7,26.2,25.7
108,서울,2020-06-18 0:00,21.5,,,,1.9,,290,,61,,15.6,13.6,995.7,,1005.5,,,9.0,,,,9.0,0.0,,,1953,,,21.2,,24.8,26.5,25.8,25.7
108,서울,2020-06-18 1:00,21.1,,,,2.0,,20,,64,,16.0,14.0,995.4,,1005.2,,,9.0,,,,10.0,9.0,,63.0,1917,,,20.9,,24.4,26.3,25.4,25.6
108,서울,2020-06-18 2:00,20.8,,,,0.6,,320,,65,,15.9,13.9,994.9,,1004.7,,,9.0,,,,10.0,9.0,,63.0,1817,,,20.6,,24.0,26.0,25.0,25.5
108,서울,2020-06-18 3:00,20.8,,,,0.8,,250,,66,,16.2,14.2,994.1,,1003.9,,,9.0,,,,9.0,0.0,Ci,,1623,,,20.5,,23.7,25.8,24.7,25.4
108,서울,2020-06-18 4:00,20.6,,,,0.9,,360,,69,,16.7,14.7,993.6,,1003.4,,,9.0,,,,9.0,0.0,Ci,,1701,,,20.4,,23.5,25.6,24.5,25.3
108,서울,2020-06-18 5:00,20.5,,,,1.6,,320,,70,,16.8,14.8,993.8,,1003.7,,,9.0,,,,9.0,0.0,Ci,,1889,,,20.1,,23.2,25.5,24.2,25.2
108,서울,2020-06-18 6:00,20.3,,,,1.4,,320,,69,,16.4,14.4,993.9,,1003.8,,0.0,,0.04,,,9.0,0.0,Ci,,1764,,,20.5,,23.1,25.3,24.0,25.1
108,서울,2020-06-18 7:00,20.5,,,,1.8,,290,,72,,17.3,15.2,993.7,,1003.6,,0.0,,0.2,,,9.0,0.0,Ci,,1298,,,22.0,,23.1,25.1,23.9,25.0
108,서울,2020-06-18 8:00,21.1,,,,0.9,,320,,69,,17.2,15.1,993.8,,1003.6,,0.0,,0.43,,,9.0,0.0,Cs,,1298,,,25.2,,23.4,25.0,23.9,24.9
108,서울,2020-06-18 9:00,21.9,,,,0.9,,360,,66,,17.3,15.2,993.7,,1003.5,,0.0,,0.5,,,10.0,0.0,Cs,,1314,,,26.4,,24.0,24.8,24.1,24.8
108,서울,2020-06-18 10:00,22.7,,,,0.7,,360,,64,,17.6,15.5,993.3,,1003.0,,0.0,,0.68,,,10.0,0.0,Cs,,1420,,,28.8,,24.5,24.8,24.3,24.6
108,서울,2020-06-18 11:00,23.9,,,,1.9,,70,,57,,16.8,14.8,993.5,,1003.2,,0.0,,1.02,,,10.0,0.0,Cs,,1724,,,30.5,,25.2,24.7,24.7,24.6
108,서울,2020-06-18 12:00,24.4,,,,2.0,,70,,56,,17.0,15.0,993.2,,1002.8,,0.0,,0.98,,,10.0,0.0,Cs,,1534,,,31.1,,25.7,24.7,25.0,24.5
108,서울,2020-06-18 13:00,25.5,,,,1.4,,90,,53,,17.3,15.2,992.5,,1002.2,,0.1,,1.36,,,9.0,0.0,Ci,,1275,,,38.1,,26.2,24.8,25.3,24.5
108,서울,2020-06-18 14:00,26.6,,,,1.6,,50,,49,,17.0,15.0,992.2,,1001.8,,0.0,,1.58,,,10.0,0.0,Cs,,1676,,,36.7,,27.3,24.9,25.8,24.5
108,서울,2020-06-18 15:00,26.8,,,,1.8,,160,,49,,17.2,15.1,992.1,,1001.7,,0.0,,1.38,,,10.0,0.0,Cs,,1351,,,36.5,,27.9,25.0,26.3,24.5
108,서울,2020-06-18 16:00,27.2,,,,2.0,,180,,47,,16.9,14.9,991.9,,1001.5,,0.0,,1.52,,,9.0,0.0,Cs,,1448,,,37.7,,28.4,25.1,26.7,24.5
108,서울,2020-06-18 17:00,26.8,,,,2.2,,180,,51,,17.9,15.8,991.5,,1001.1,,0.0,,0.81,,,10.0,0.0,Cs,,1442,,,32.9,,28.3,25.3,27.0,24.6
108,서울,2020-06-18 18:00,26.2,,,,1.4,,250,,53,,17.9,15.8,991.8,,1001.4,,0.0,,0.37,,,10.0,6.0,ScAs,17.0,1410,,,29.2,,27.7,25.5,26.9,24.6
108,서울,2020-06-18 19:00,25.0,,,,2.6,,320,,62,,19.6,17.2,992.3,,1002.0,,0.0,,0.1,,,10.0,3.0,,14.0,1349,,,26.3,,26.8,25.6,26.6,24.7
108,서울,2020-06-18 20:00,24.2,,,,1.4,,50,,64,,19.2,16.9,991.9,,1001.5,,0.0,,0.03,,,9.0,6.0,,12.0,1558,,,24.4,,26.0,25.7,26.2,24.8
108,서울,2020-06-18 21:00,24.1,,,,1.2,,20,,64,,19.1,16.8,992.7,,1002.3,,,9.0,,,,6.0,6.0,Sc,11.0,1574,,,23.3,,25.4,25.6,25.8,24.8
108,서울,2020-06-18 22:00,23.6,,,,2.4,,70,,63,,18.3,16.1,993.3,,1003.0,,,9.0,,,,8.0,8.0,,14.0,1511,,,22.6,,24.9,25.6,25.4,24.8
108,서울,2020-06-18 23:00,23.3,,,,2.0,,70,,66,,18.8,16.5,993.3,,1003.0,,,9.0,,,,9.0,1.0,,13.0,1932,,,22.5,,24.5,25.5,25.1,24.9
108,서울,2020-06-19 0:00,23.0,,,,1.7,,110,,68,,19.0,16.7,993.5,,1003.2,,,9.0,,,,8.0,4.0,,,1776,,,22.8,,24.3,25.4,24.9,24.8
108,서울,2020-06-19 1:00,22.5,,,,3.6,,70,,69,,18.8,16.5,993.1,,1002.8,,,9.0,,,,10.0,6.0,,49.0,1949,,,22.0,,24.1,25.2,24.7,24.8
108,서울,2020-06-19 2:00,22.0,,,,3.2,,70,,70,,18.4,16.2,993.1,,1002.9,,,9.0,,,,10.0,10.0,,37.0,1989,,,21.6,,23.8,25.1,24.4,24.7
108,서울,2020-06-19 3:00,21.8,,,,2.4,,90,,70,,18.2,16.0,993.3,,1003.1,,,9.0,,,,10.0,6.0,ScAs,10.0,1999,,,21.4,,23.5,25.0,24.3,24.7
108,서울,2020-06-19 4:00,21.7,,,,2.4,,70,,69,,17.8,15.7,994.1,,1003.9,,,9.0,,,,10.0,4.0,ScAs,10.0,2000,,,21.2,,23.3,24.9,24.1,24.6
108,서울,2020-06-19 5:00,21.4,,,,1.6,,90,,69,,17.5,15.4,994.7,,1004.5,,,9.0,,,,10.0,6.0,ScAs,10.0,2000,,,21.1,,23.2,24.7,23.9,24.5
108,서울,2020-06-19 6:00,21.3,,,,1.1,,90,,70,,17.6,15.5,995.2,,1005.0,,0.0,,0.02,,,10.0,3.0,ScAs,10.0,2000,,,21.1,,23.0,24.6,23.7,24.5
108,서울,2020-06-19 7:00,21.1,,0.0,,0.8,,360,,73,,18.2,16.0,995.9,,1005.7,,0.0,,0.08,,,10.0,6.0,ScAs,10.0,2000,,1.0,21.4,,22.9,24.5,23.6,24.4
108,서울,2020-06-19 8:00,21.4,,0.1,,1.6,,70,,73,,18.5,16.3,996.1,,1005.9,,0.0,,0.3,,,10.0,4.0,ScAs,8.0,2000,,1.0,23.0,,23.0,24.4,23.5,24.3
108,서울,2020-06-19 9:00,22.2,,0.0,,2.0,,70,,69,,18.4,16.2,996.2,,1006.0,,0.0,,0.52,,,9.0,6.0,ScAc,13.0,2000,,1.0,26.8,,23.4,24.3,23.6,24.2
108,서울,2020-06-19 10:00,25.0,,,9.0,2.7,,90,,60,,18.9,16.6,996.0,,1005.7,,0.6,,1.91,,,8.0,5.0,AcCi,29.0,1954,,,38.6,,25.7,24.2,24.0,24.2
108,서울,2020-06-19 11:00,26.1,,,9.0,1.9,,70,,56,,18.9,16.6,996.0,,1005.7,,0.7,,2.41,,,8.0,2.0,ScAcCi,13.0,1989,,,40.4,,28.1,24.2,25.1,24.1
108,서울,2020-06-19 12:00,27.6,,,9.0,1.5,,140,,50,,18.4,16.2,996.1,,1005.7,,1.0,,3.31,,,6.0,6.0,Sc,10.0,1876,,,53.5,,30.7,24.4,26.1,24.1
108,서울,2020-06-19 13:00,29.1,,,9.0,2.0,,250,,49,,19.6,17.2,996.1,,1005.6,,0.6,,2.89,,,8.0,8.0,Sc,13.0,1871,,,53.5,,32.3,24.6,27.4,24.1
108,서울,2020-06-19 14:00,28.6,,,9.0,2.0,,50,,50,,19.5,17.1,996.1,,1005.7,,0.2,,1.91,,,8.0,8.0,Sc,15.0,1966,,,45.7,,32.1,25.0,28.2,24.1
108,서울,2020-06-19 15:00,29.4,,,9.0,2.5,,110,,48,,19.6,17.2,995.9,,1005.4,,0.5,,2.45,,,8.0,8.0,Sc,17.0,1913,,,46.5,,32.8,25.3,28.7,24.2
108,서울,2020-06-19 16:00,29.7,,,9.0,1.6,,270,,47,,19.5,17.1,996.0,,1005.5,,0.3,,1.19,,,7.0,7.0,Sc,15.0,1938,,,44.3,,31.9,25.7,28.9,24.4
108,서울,2020-06-19 17:00,29.3,,,9.0,1.7,,250,,48,,19.5,17.1,995.9,,1005.4,,0.2,,0.97,,,7.0,7.0,Sc,10.0,1930,,,37.1,,31.5,26.0,29.0,24.6
108,서울,2020-06-19 18:00,29.2,,0.0,,2.6,,290,,49,,19.7,17.3,996.3,,1005.8,,0.3,,0.77,,,7.0,7.0,CuSc,10.0,1994,,4.0,36.3,,30.5,26.2,28.8,24.7
108,서울,2020-06-19 19:00,27.6,,,9.0,4.0,,290,,57,,21.0,18.3,997.2,,1006.8,,1.0,,0.7,,,3.0,3.0,,16.0,1979,,,30.8,,30.1,26.4,28.6,24.9
108,서울,2020-06-19 20:00,24.9,,,9.0,2.9,,290,,63,,19.7,17.3,998.0,,1007.7,,0.6,,0.17,,,6.0,0.0,,,1998,,,25.8,,28.3,26.5,28.1,25.0
108,서울,2020-06-19 21:00,23.9,,,9.0,2.7,,290,,65,,19.2,16.9,998.8,,1008.5,,,9.0,,,,0.0,0.0,,,1994,,,23.7,,26.8,26.5,27.4,25.1
108,서울,2020-06-19 22:00,23.3,,,9.0,2.0,,320,,67,,19.1,16.8,999.5,,1009.3,,,9.0,,,,1.0,0.0,,,1982,,,22.5,,25.8,26.5,26.8,25.2
108,서울,2020-06-19 23:00,22.9,,,9.0,2.2,,320,,68,,18.9,16.6,999.6,,1009.4,,,9.0,,,,3.0,0.0,,,1975,,,21.7,,25.1,26.3,26.2,25.3
108,서울,2020-06-20 0:00,22.4,,,9.0,1.5,,320,,70,,18.9,16.6,999.7,,1009.5,,,9.0,,,,0.0,0.0,,,1893,,,21.0,,24.5,26.2,25.7,25.3
108,서울,2020-06-20 1:00,21.9,,,,0.8,,290,,71,,18.5,16.3,999.7,,1009.5,,,9.0,,,,3.0,0.0,,,1721,,,20.4,,24.0,26.0,25.3,25.2
108,서울,2020-06-20 2:00,21.6,,,,0.7,,50,,74,,19.0,16.7,999.7,,1009.5,,,9.0,,,,3.0,0.0,,,1893,,,19.9,,23.6,25.8,24.9,25.2
108,서울,2020-06-20 3:00,21.1,,,,1.1,,160,,77,,19.2,16.9,1000.0,,1009.9,,,9.0,,,,0.0,0.0,,,1596,,,19.4,,23.2,25.6,24.5,25.1
108,서울,2020-06-20 4:00,21.0,,,,1.0,,200,,76,,18.9,16.6,1000.2,,1010.1,,,9.0,,,,0.0,0.0,,,1526,,,19.0,,22.8,25.4,24.2,25.0
108,서울,2020-06-20 5:00,20.8,,,,0.7,,320,,78,,19.1,16.8,1000.7,,1010.6,,,9.0,,,,4.0,0.0,Ci,,1422,,,18.8,,22.5,25.2,23.9,24.9
108,서울,2020-06-20 6:00,20.7,,,,0.5,,50,,79,,19.2,16.9,1001.0,,1010.9,,0.0,,0.06,,,0.0,0.0,,,1502,,,19.6,,22.4,25.0,23.6,24.8
108,서울,2020-06-20 7:00,21.6,,,,1.2,,70,,78,,20.0,17.5,1001.2,,1011.1,,0.7,,0.44,,,0.0,0.0,,,1415,,,22.8,,22.6,24.8,23.5,24.7
108,서울,2020-06-20 8:00,23.5,,,,1.7,,110,,70,,20.2,17.7,1001.5,,1011.3,,1.0,,1.08,,,0.0,0.0,,,1043,,,29.7,,23.7,24.7,23.8,24.6
108,서울,2020-06-20 9:00,25.4,,,,1.5,,110,,63,,20.4,17.8,1001.3,,1011.0,,1.0,,1.8,,,0.0,0.0,,,1088,,,37.3,,25.5,24.6,24.4,24.5
108,서울,2020-06-20 10:00,26.7,,,,1.9,,290,,57,,19.9,17.4,1001.2,,1010.9,,1.0,,2.44,,,2.0,1.0,ScCi,10.0,1421,,,44.2,,28.5,24.6,25.4,24.4
108,서울,2020-06-20 11:00,28.0,,,,2.4,,250,,52,,19.6,17.2,1001.1,,1010.7,,1.0,,2.89,,,4.0,4.0,Sc,10.0,1247,,,49.7,,30.9,24.7,26.5,24.4
108,서울,2020-06-20 12:00,28.8,,,,2.6,,290,,51,,20.1,17.6,1000.5,,1010.1,,0.6,,2.59,,,5.0,5.0,Sc,13.0,1153,,,48.5,,32.1,24.9,27.6,24.4
108,서울,2020-06-20 13:00,29.4,,,,2.4,,270,,50,,20.4,17.8,1000.0,,1009.6,,0.8,,2.84,,,6.0,6.0,Sc,10.0,1082,,,48.4,,33.3,25.2,28.4,24.4
108,서울,2020-06-20 14:00,28.3,,,,3.9,,290,,54,,20.6,18.0,999.8,,1009.4,,0.4,,1.82,,,6.0,6.0,Sc,12.0,861,,40.0,40.3,,32.7,25.6,29.0,24.5
108,서울,2020-06-20 15:00,29.3,,,,4.0,,290,,50,,20.2,17.7,999.6,,1009.2,,0.6,,2.12,,,2.0,2.0,Sc,10.0,1143,,40.0,47.3,,32.3,25.9,29.1,24.6
108,서울,2020-06-20 16:00,29.3,,,,3.3,,320,,50,,20.2,17.7,999.3,,1008.9,,1.0,,2.48,,,0.0,0.0,,,1360,,,46.8,,33.1,26.2,29.5,24.8
108,서울,2020-06-20 17:00,28.5,,,,3.4,,320,,51,,19.7,17.3,999.0,,1008.6,,1.0,,2.0,,,0.0,0.0,,,1462,,,42.7,,32.5,26.5,29.7,24.9
108,서울,2020-06-20 18:00,28.4,,,,3.4,,290,,49,,18.9,16.6,998.5,,1008.1,,1.0,,1.36,,,0.0,0.0,,,1957,,,36.9,,31.8,26.7,29.6,25.1
108,서울,2020-06-20 19:00,26.7,,,,3.8,,320,,54,,18.9,16.6,999.0,,1008.7,,1.0,,0.67,,,0.0,0.0,,,1978,,,29.9,,30.3,26.9,29.3,25.3
108,서울,2020-06-20 20:00,24.9,,,,2.5,,320,,56,,17.6,15.5,999.3,,1009.1,,0.6,,0.16,,,0.0,0.0,,,1996,,,25.7,,28.5,27.0,28.6,25.4
108,서울,2020-06-20 21:00,23.9,,,,2.1,,270,,60,,17.7,15.6,999.3,,1009.0,,,9.0,,,,0.0,0.0,,,1930,,,23.5,,27.0,27.0,27.8,25.5
108,서울,2020-06-20 22:00,23.0,,,,2.4,,290,,67,,18.8,16.5,999.8,,1009.6,,,9.0,,,,1.0,0.0,,,1687,,,22.3,,26.0,26.9,27.1,25.6
108,서울,2020-06-20 23:00,22.3,,,,2.2,,320,,68,,18.3,16.1,999.5,,1009.3,,,9.0,,,,2.0,0.0,,,1757,,,21.4,,25.2,26.7,26.5,25.6
108,서울,2020-06-21 0:00,21.6,,,,1.6,,320,,72,,18.5,16.3,999.9,,1009.8,,,9.0,,,,0.0,0.0,,,1485,,,20.7,,24.6,26.5,26.0,25.6
108,서울,2020-06-21 1:00,21.3,,,,1.5,,20,,71,,17.9,15.8,999.9,,1009.8,,,9.0,,,,2.0,0.0,,,1684,,,19.9,,24.1,26.3,25.5,25.6
108,서울,2020-06-21 2:00,20.8,,,,1.0,,290,,74,,18.1,15.9,1000.0,,1009.9,,,9.0,,,,2.0,0.0,,,1252,,,19.4,,23.6,26.1,25.1,25.5
108,서울,2020-06-21 3:00,20.5,,,,1.2,,290,,74,,17.7,15.6,999.7,,1009.6,,,9.0,,,,0.0,0.0,,,1328,,,19.0,,23.1,25.9,24.7,25.4
108,서울,2020-06-21 4:00,20.2,,,,2.3,,290,,78,,18.4,16.2,999.7,,1009.6,,,9.0,,,,0.0,0.0,,,1083,,,18.8,,22.8,25.7,24.3,25.3
108,서울,2020-06-21 5:00,19.6,,,,2.2,,320,,79,,17.9,15.8,999.9,,1009.8,,,9.0,,,,0.0,0.0,,,991,,19.0,18.5,,22.5,25.5,24.0,25.2
108,서울,2020-06-21 6:00,19.5,,,,0.9,,290,,82,,18.5,16.3,999.7,,1009.6,,0.0,,0.06,,,0.0,0.0,,,895,,19.0,18.9,,22.3,25.3,23.8,25.1
108,서울,2020-06-21 7:00,20.1,,,,0.2,,0,,81,,19.0,16.7,999.6,,1009.5,,1.0,,0.43,,,0.0,0.0,,,945,,19.0,21.9,,22.4,25.1,23.4,25.0
108,서울,2020-06-21 8:00,22.4,,,,1.5,,160,,73,,19.7,17.3,999.5,,1009.3,,1.0,,1.15,,,0.0,0.0,,,911,,19.0,29.8,,23.4,24.9,23.8,24.9
108,서울,2020-06-21 9:00,24.6,,,,1.0,,200,,64,,19.7,17.3,999.3,,1009.0,,1.0,,1.85,,,0.0,0.0,,,964,,4019.0,37.3,,25.5,24.8,24.4,24.8
108,서울,2020-06-21 10:00,26.5,,,,1.4,,160,,55,,19.0,16.7,998.8,,1008.5,,1.0,,2.47,,,0.0,0.0,,,1443,,40.0,44.3,,28.4,24.8,25.4,24.7
108,서울,2020-06-21 11:00,28.6,,,,1.4,,270,,49,,19.1,16.8,998.4,,1008.0,,1.0,,2.94,,,0.0,0.0,,,1441,,,50.5,,30.9,24.9,26.6,24.6
108,서울,2020-06-21 12:00,30.3,,,,1.5,,180,,45,,19.4,17.0,997.8,,1007.4,,1.0,,3.23,,,0.0,0.0,,,1698,,,54.6,,33.3,25.1,27.8,24.6
108,서울,2020-06-21 13:00,31.5,,,,2.5,,270,,41,,18.9,16.6,997.4,,1006.9,,1.0,,3.42,,,0.0,0.0,,,1570,,,57.2,,35.3,25.4,29.1,24.6
108,서울,2020-06-21 14:00,31.8,,,,3.3,,320,,40,,18.8,16.5,996.9,,1006.4,,1.0,,3.35,,,1.0,1.0,Sc,10.0,1725,,,56.7,,36.1,25.8,30.2,24.7
108,서울,2020-06-21 15:00,32.3,,,,3.6,,320,,40,,19.2,16.9,996.3,,1005.8,,1.0,,3.05,,,1.0,1.0,Sc,10.0,1946,,,54.9,,36.2,26.3,30.9,24.8
108,서울,2020-06-21 16:00,32.0,,,,3.7,,320,,41,,19.4,17.0,996.1,,1005.6,,1.0,,2.6,,,1.0,1.0,Sc,10.0,1819,,,50.8,,35.9,26.7,31.3,25.0
108,서울,2020-06-21 17:00,30.9,,,,3.5,,320,,44,,19.6,17.2,995.7,,1005.2,,1.0,,1.56,,,0.0,0.0,,,1969,,,41.5,,34.4,27.1,31.3,25.2
108,서울,2020-06-21 18:00,30.6,,,,2.8,,320,,44,,19.2,16.9,995.6,,1005.1,,1.0,,0.92,,,0.0,0.0,,,2000,,,37.0,,32.8,27.4,30.8,25.5
108,서울,2020-06-21 19:00,29.6,,,,3.6,,320,,46,,19.0,16.7,995.9,,1005.4,,1.0,,0.64,,,0.0,0.0,,,1984,,,31.4,,31.7,27.6,30.4,25.7
108,서울,2020-06-21 20:00,28.1,,,,2.1,,320,,53,,20.1,17.6,997.0,,1006.6,,0.5,,0.15,,,0.0,0.0,,,2000,,,27.5,,30.0,27.7,29.7,25.9
108,서울,2020-06-21 21:00,26.4,,,,1.8,,250,,61,,20.9,18.2,997.7,,1007.4,,,9.0,,,,0.0,0.0,,,1790,,,25.2,,28.4,27.7,28.9,26.0
108,서울,2020-06-21 22:00,25.5,,,,1.3,,270,,63,,20.5,17.9,998.0,,1007.7,,,9.0,,,,0.0,0.0,,,1628,,,23.8,,27.3,27.6,28.2,26.1
108,서울,2020-06-21 23:00,24.9,,,,1.1,,270,,64,,20.1,17.6,997.8,,1007.5,,,9.0,,,,0.0,0.0,,,1456,,,22.7,,26.5,27.5,27.6,26.2
108,서울,2020-06-22 0:00,24.4,,,,1.8,,290,,66,,20.1,17.6,997.6,,1007.3,,,9.0,,,,0.0,0.0,,,1522,,,22.0,,25.8,27.3,27.0,26.2
108,서울,2020-06-22 1:00,23.9,,,,0.5,,360,,67,,19.7,17.3,997.2,,1006.9,,,9.0,,,,0.0,0.0,,,1719,,,21.0,,25.2,27.1,26.5,26.1
108,서울,2020-06-22 2:00,23.2,,,,1.7,,320,,70,,19.9,17.4,997.4,,1007.1,,,9.0,,,,0.0,0.0,,,1533,,,20.6,,24.7,26.9,26.1,26.1
108,서울,2020-06-22 3:00,23.0,,,,1.3,,270,,72,,20.1,17.6,998.2,,1008.0,,,9.0,,,,0.0,0.0,,,1567,,,20.6,,24.3,26.7,25.7,26.0
108,서울,2020-06-22 4:00,22.6,,,,1.0,,320,,73,,20.0,17.5,998.5,,1008.3,,,9.0,,,,0.0,0.0,,,1587,,,20.1,,24.0,26.4,25.4,25.9
108,서울,2020-06-22 5:00,21.9,,,,1.7,,50,,74,,19.4,17.0,998.1,,1007.9,,,9.0,,,,0.0,0.0,,,1384,,,19.4,,23.6,26.2,25.0,25.8
108,서울,2020-06-22 6:00,21.7,,,,1.6,,50,,78,,20.1,17.6,998.4,,1008.2,,0.0,,0.06,,,0.0,0.0,,,1250,,,19.9,,23.3,26.0,24.7,25.7
108,서울,2020-06-22 7:00,22.9,,,,1.0,,340,,76,,21.2,18.4,998.7,,1008.5,,1.0,,0.47,,,0.0,0.0,,,1228,,,23.3,,23.5,25.8,24.5,25.6
108,서울,2020-06-22 8:00,25.2,,,,0.7,,70,,66,,21.0,18.3,998.8,,1008.5,,1.0,,1.22,,,0.0,0.0,,,1384,,,32.2,,24.6,25.6,24.8,25.5
108,서울,2020-06-22 9:00,28.2,,,,1.2,,110,,55,,20.9,18.2,998.7,,1008.3,,1.0,,1.92,,,0.0,0.0,,,1239,,,40.3,,26.9,25.5,25.5,25.4
108,서울,2020-06-22 10:00,29.6,,,,2.0,,320,,52,,21.4,18.6,998.5,,1008.0,,1.0,,2.56,,,0.0,0.0,,,1433,,,47.5,,29.9,25.5,26.5,25.3
108,서울,2020-06-22 11:00,31.0,,,,1.9,,340,,47,,21.0,18.3,998.1,,1007.6,,1.0,,2.95,,,1.0,0.0,Ci,,1341,,,52.4,,32.5,25.7,27.7,25.2
108,서울,2020-06-22 12:00,32.5,,,,3.0,,270,,42,,20.5,17.9,998.0,,1007.5,,1.0,,3.28,,,2.0,0.0,Ci,,1538,,,56.3,,34.7,25.9,28.9,25.2
108,서울,2020-06-22 13:00,32.8,,,,3.3,,320,,38,,18.9,16.6,997.7,,1007.2,,1.0,,3.38,,,2.0,0.0,Ci,,1724,,,57.6,,36.2,26.2,30.1,25.2
108,서울,2020-06-22 14:00,33.7,,,,3.1,,320,,33,,17.2,15.1,997.1,,1006.5,,1.0,,3.34,,,0.0,0.0,,,1890,,,58.7,,37.2,26.6,31.1,25.3
108,서울,2020-06-22 15:00,35.2,,,,2.5,,50,,30,,17.0,15.0,996.8,,1006.2,,1.0,,3.11,,,1.0,0.0,Ci,,1955,,,57.5,,37.8,27.0,31.9,25.5
108,서울,2020-06-22 16:00,35.2,,,,3.5,,270,,27,,15.3,13.3,996.8,,1006.2,,1.0,,2.67,,,1.0,0.0,Ci,,1949,,,54.3,,37.4,27.5,32.4,25.6
108,서울,2020-06-22 17:00,35.0,,,,3.3,,290,,31,,17.4,15.3,996.7,,1006.1,,1.0,,2.02,,,4.0,0.0,Ci,,2000,,,45.6,,36.6,27.9,32.6,25.9
108,서울,2020-06-22 18:00,33.1,,,,3.8,,290,,38,,19.1,16.8,996.9,,1006.3,,1.0,,1.21,,,6.0,0.0,Ci,,2000,,,37.7,,34.7,,,26.1
108,서울,2020-06-22 19:00,31.7,,,,3.4,,290,,42,,19.6,17.2,997.4,,1006.9,,0.9,,0.61,,,6.0,0.0,,,2000,,,33.1,,33.0,31.7,28.8,26.3
108,서울,2020-06-22 20:00,29.7,,,,2.9,,270,,45,,18.6,16.4,997.9,,1007.4,,0.4,,0.15,,,2.0,0.0,,,2000,,,29.1,,31.3,30.9,28.9,26.5
108,서울,2020-06-22 21:00,28.5,,,,2.6,,290,,36,,13.9,11.9,998.4,,1008.0,,,9.0,,,,2.0,0.0,Ci,,2000,,,26.6,,29.7,30.0,28.9,26.7
108,서울,2020-06-22 22:00,27.8,,,,1.5,,290,,46,,17.2,15.1,998.9,,1008.5,,,9.0,,,,0.0,0.0,,,2000,,,25.4,,28.5,29.2,28.7,26.8
108,서울,2020-06-22 23:00,27.2,,,,1.7,,270,,51,,18.3,16.1,999.1,,1008.7,,,9.0,,,,1.0,0.0,,,2000,,,24.4,,27.7,28.5,28.5,26.8
108,서울,2020-06-23 0:00,26.6,,,,0.6,,290,,53,,18.4,16.2,998.9,,1008.6,,,9.0,,,,2.0,0.0,Ci,,2000,,,23.5,,26.9,27.9,28.3,26.8
108,서울,2020-06-23 1:00,25.8,,,,1.5,,270,,56,,18.5,16.3,999.1,,1008.8,,,9.0,,,,4.0,0.0,,,2000,,,22.9,,26.3,27.4,28.1,26.8
108,서울,2020-06-23 2:00,25.5,,,,1.2,,250,,56,,18.2,16.0,999.0,,1008.7,,,9.0,,,,7.0,0.0,,,2000,,,22.7,,25.9,27.0,27.9,26.8
108,서울,2020-06-23 3:00,24.9,,,,1.7,,250,,61,,19.1,16.8,998.7,,1008.4,,,9.0,,,,8.0,0.0,Ci,,1678,,,23.0,,25.6,26.6,27.6,26.7
108,서울,2020-06-23 4:00,24.3,,,,2.9,,270,,57,,17.3,15.2,999.5,,1009.2,,,9.0,,,,7.0,0.0,Ci,,1987,,,22.8,,25.3,26.3,27.4,26.6
108,서울,2020-06-23 5:00,23.7,,,,2.0,,250,,60,,17.5,15.4,999.7,,1009.4,,,9.0,,,,7.0,0.0,Ci,,1977,,,21.8,,24.9,26.0,27.2,26.5
108,서울,2020-06-23 6:00,23.3,,,,1.6,,270,,62,,17.7,15.6,999.7,,1009.5,,0.0,,0.04,,,6.0,0.0,Ci,,1632,,,21.9,,24.5,25.7,27.0,26.4
108,서울,2020-06-23 7:00,23.5,,,,1.4,,230,,63,,18.2,16.0,999.5,,1009.2,,0.4,,0.31,,,5.0,0.0,Cc,,1554,,,24.5,,24.5,25.5,26.8,26.3
108,서울,2020-06-23 8:00,25.4,,,,1.4,,270,,58,,18.8,16.5,999.1,,1008.8,,1.0,,0.99,,,1.0,0.0,Cc,,1580,,,33.3,,25.4,25.6,26.6,26.2
108,서울,2020-06-23 9:00,27.5,,,,1.9,,230,,50,,18.3,16.1,998.7,,1008.3,,1.0,,1.89,,,2.0,0.0,Cc,,1586,,,41.9,,27.5,26.2,26.5,26.1
108,서울,2020-06-23 10:00,29.4,,,,2.3,,200,,45,,18.4,16.2,998.6,,1008.1,,1.0,,2.56,,,3.0,0.0,Ci,,1683,,,50.0,,30.2,27.3,26.5,26.0
108,서울,2020-06-23 11:00,30.6,,,,2.6,,250,,43,,18.8,16.5,998.8,,1008.4,,1.0,,2.7,,,7.0,0.0,Ci,,1524,,,49.9,,32.4,28.5,26.6,25.9
108,서울,2020-06-23 12:00,30.7,,,,2.7,,250,,44,,19.4,17.0,998.4,,1007.9,,0.6,,2.23,,,8.0,0.0,Ci,,1489,,,47.3,,32.9,29.3,26.8,25.9
108,서울,2020-06-23 13:00,30.8,,,,2.6,,270,,44,,19.5,17.1,998.2,,1007.7,,0.1,,1.79,,,9.0,0.0,Ci,,1712,,,45.0,,32.9,29.8,27.0,25.9
108,서울,2020-06-23 14:00,30.8,,,,2.2,,290,,44,,19.5,17.1,998.1,,1007.6,,0.0,,1.24,,,9.0,0.0,Ci,,1705,,,43.5,,32.2,29.9,27.3,25.9
108,서울,2020-06-23 15:00,30.2,,,,2.8,,250,,48,,20.5,17.9,998.4,,1008.0,,0.0,,0.96,,,9.0,3.0,AcCi,35.0,1235,,,37.2,,31.9,29.9,27.5,26.0
108,서울,2020-06-23 16:00,30.1,,,,3.2,,290,,50,,21.3,18.5,998.4,,1008.0,,0.0,,1.1,,,9.0,4.0,AcCi,35.0,1441,,,38.6,,31.6,29.7,27.7,26.1
108,서울,2020-06-23 17:00,29.4,,,,3.0,,290,,50,,20.4,17.8,998.3,,1007.8,,0.0,,0.58,,,9.0,3.0,AcCi,35.0,1660,,,35.0,,31.0,29.6,27.8,26.2
108,서울,2020-06-23 18:00,28.4,,,,2.8,,270,,51,,19.6,17.2,998.2,,1007.8,,0.0,,0.42,,,9.0,6.0,AcCi,35.0,1925,,,31.7,,30.1,29.3,27.8,26.3
108,서울,2020-06-23 19:00,27.3,,,,2.0,,270,,51,,18.4,16.2,998.0,,1007.6,,0.0,,0.11,,,10.0,9.0,,53.0,2000,,,28.5,,29.0,28.8,27.9,26.4
108,서울,2020-06-23 20:00,27.0,,,,0.9,,270,,51,,18.1,15.9,997.6,,1007.2,,0.0,,0.05,,,10.0,9.0,,54.0,1990,,,27.0,,28.1,28.3,27.8,26.4
108,서울,2020-06-23 21:00,26.8,,,,0.4,,0,,52,,18.3,16.1,997.4,,1007.0,,,9.0,,,,9.0,9.0,Ac,46.0,1938,,,26.1,,27.4,27.8,27.8,26.5
108,서울,2020-06-23 22:00,26.6,,,,1.8,,270,,54,,18.8,16.5,997.5,,1007.2,,,9.0,,,,10.0,10.0,,43.0,1959,,,25.7,,26.9,27.4,27.6,26.5
108,서울,2020-06-23 23:00,26.3,,0.0,,1.5,,270,,57,,19.4,17.0,997.4,,1007.1,,,9.0,,,,9.0,9.0,Ac,39.0,1936,,1.0,25.3,,26.6,27.1,27.5,26.4
108,서울,2020-06-24 0:00,26.3,,,9.0,0.8,,50,,60,,20.5,17.9,996.7,,1006.4,,,9.0,,,,9.0,9.0,Ac,,1758,,,25.1,,26.3,26.8,27.3,26.4
108,서울,2020-06-24 1:00,26.1,,,,1.4,,50,,64,,21.6,18.7,995.9,,1005.6,,,9.0,,,,10.0,1.0,,16.0,1222,,,25.0,,26.1,26.6,27.2,26.4
108,서울,2020-06-24 2:00,26.1,,,,1.2,,70,,66,,22.2,19.2,995.8,,1005.5,,,9.0,,,,10.0,4.0,,11.0,1103,,,25.0,,26.0,26.4,27.1,26.3
108,서울,2020-06-24 3:00,26.1,,,,1.5,,50,,67,,22.5,19.4,995.6,,1005.3,,,9.0,,,,10.0,2.0,ScAs,16.0,1049,,,24.9,,25.9,26.3,26.9,26.2
108,서울,2020-06-24 4:00,26.2,,,,1.5,,110,,63,,21.3,18.5,995.5,,1005.2,,,9.0,,,,10.0,10.0,As,30.0,1120,,,24.8,,25.7,26.1,26.8,26.2
108,서울,2020-06-24 5:00,26.2,,0.0,,1.8,,70,,62,,21.0,18.3,995.1,,1004.8,,,9.0,,,,10.0,3.0,ScAs,16.0,1524,,1.0,24.3,,25.6,26.0,26.7,26.1
108,서울,2020-06-24 6:00,25.7,,0.0,,2.5,,110,,60,,19.7,17.3,995.0,,1004.7,,0.0,,0.01,,,10.0,3.0,ScAs,16.0,1833,,1.0,22.6,,25.1,25.8,26.6,26.0
108,서울,2020-06-24 7:00,25.9,,0.0,,3.9,,110,,56,,18.6,16.4,994.7,,1004.4,,0.0,,0.12,,,10.0,3.0,ScAs,17.0,2000,,1.0,24.1,,25.1,25.6,26.5,26.0
108,서울,2020-06-24 8:00,25.1,,0.1,,2.9,,110,,62,,19.6,17.2,995.4,,1005.1,,0.0,,0.21,,,10.0,5.0,ScAs,16.0,1652,,1.0,23.3,,25.1,25.5,26.4,25.9
108,서울,2020-06-24 9:00,24.4,,0.2,,3.1,,90,,66,,20.1,17.6,994.8,,1004.4,,0.0,,0.26,,,10.0,3.0,ScAs,16.0,2000,,1.0,22.9,,24.7,25.3,26.2,25.8
108,서울,2020-06-24 10:00,23.9,,0.2,,4.5,,140,,67,,19.7,17.3,995.2,,1004.9,,0.0,,0.23,,,10.0,5.0,StNs,7.0,1645,,1.0,22.0,,24.6,25.2,26.1,25.8
108,서울,2020-06-24 11:00,21.3,,6.6,,2.9,,90,,84,,21.2,18.4,995.0,,1004.8,,0.0,,0.22,,,10.0,7.0,StNs,8.0,398,,1901.0,21.2,,23.9,25.0,26.0,25.7
108,서울,2020-06-24 12:00,20.4,,7.8,,4.0,,70,,90,,21.4,18.6,994.0,,1003.9,,0.0,,0.24,,,10.0,7.0,StNs,7.0,300,,1901.0,21.1,,22.4,24.3,25.9,25.6
108,서울,2020-06-24 13:00,19.9,,6.2,,4.0,,70,,92,,21.3,18.5,993.1,,1003.0,,0.0,,0.29,,,10.0,3.0,StNs,4.0,400,,1901.0,20.9,,22.0,23.8,25.6,25.5
108,서울,2020-06-24 14:00,20.0,,1.5,,2.4,,70,,94,,21.8,18.9,992.8,,1002.7,,0.0,,0.39,,,10.0,3.0,StNs,2.0,600,,1901.0,21.8,,22.7,23.6,25.4,25.4
108,서울,2020-06-24 15:00,20.3,,0.7,,3.2,,70,,95,,22.5,19.4,992.1,,1001.9,,0.0,,0.35,,,10.0,6.0,StNs,2.0,800,,1901.0,22.2,,22.9,23.6,25.2,25.3
108,서울,2020-06-24 16:00,20.7,,0.3,,3.3,,70,,94,,22.8,19.6,991.7,,1001.5,,0.0,,0.34,,,10.0,6.0,StNs,3.0,700,,1901.0,22.4,,23.1,23.6,25.0,25.2
108,서울,2020-06-24 17:00,20.6,,1.9,,2.2,,70,,95,,22.9,19.7,991.4,,1001.2,,0.0,,0.17,,,10.0,6.0,StNs,2.0,300,,1901.0,21.7,,23.0,23.6,24.9,25.0
108,서울,2020-06-24 18:00,20.5,,3.3,,2.5,,50,,96,,23.1,19.8,990.9,,1000.7,,0.0,,0.05,,,10.0,7.0,StNs,2.0,300,,1901.0,21.3,,22.7,23.4,24.8,24.9
108,서울,2020-06-24 19:00,20.4,,1.5,,3.0,,50,,97,,23.2,19.9,991.2,,1001.0,,0.0,,0.02,,,10.0,6.0,StNs,2.0,200,,1901.0,21.0,,22.6,23.3,24.6,24.8
108,서울,2020-06-24 20:00,20.4,,1.2,,3.0,,50,,97,,23.2,19.9,991.2,,1001.0,,0.0,,0.01,,,10.0,3.0,StNs,2.0,300,,1901.0,20.9,,22.4,23.1,24.5,24.7
108,서울,2020-06-24 21:00,20.4,,1.7,,3.0,,50,,97,,23.2,19.9,991.2,,1001.0,,,9.0,,,,10.0,8.0,StNs,3.0,320,,1901.0,20.9,,22.3,23.0,24.4,24.6
108,서울,2020-06-24 22:00,20.5,,1.6,,2.5,,50,,97,,23.4,20.0,991.4,,1001.2,,,9.0,,,,10.0,8.0,StNs,2.0,300,,1901.0,20.9,,22.3,22.9,24.3,24.5
108,서울,2020-06-24 23:00,20.5,,1.7,,2.0,,50,,97,,23.4,20.0,991.2,,1001.0,,,9.0,,,,10.0,8.0,StNs,2.0,180,,1901.0,20.9,,22.2,22.8,24.2,24.4
108,서울,2020-06-25 0:00,20.6,,1.1,,2.0,,50,,97,,23.5,20.1,991.2,,1001.0,,,9.0,,,,10.0,8.0,StNs,2.0,180,,1901.0,21.0,,22.2,22.7,24.1,24.3
108,서울,2020-06-25 1:00,20.6,,2.0,,2.1,,50,,98,,23.7,20.2,990.9,,1000.7,,,9.0,,,,10.0,9.0,StNs,2.0,170,,1901.0,21.0,,22.2,22.7,24.0,24.2
108,서울,2020-06-25 2:00,20.7,,3.1,,1.4,,50,,97,,23.7,20.2,991.0,,1000.8,,,9.0,,,,10.0,9.0,StNs,2.0,150,,1901.0,21.0,,22.0,22.6,23.9,24.2
108,서울,2020-06-25 3:00,20.7,,2.7,,1.0,,50,,97,,23.7,20.2,990.9,,1000.7,,,9.0,,,,10.0,9.0,StNs,2.0,190,,1901.0,21.0,,22.0,22.5,23.8,24.1
108,서울,2020-06-25 4:00,20.8,,2.0,,1.0,,50,,97,,23.8,20.3,991.1,,1000.9,,,9.0,,,,10.0,9.0,StNs,2.0,200,,1901.0,21.0,,22.0,22.5,23.7,24.0
108,서울,2020-06-25 5:00,20.9,,0.7,,1.3,,360,,97,,23.8,20.3,991.3,,1001.1,,,9.0,,,,10.0,9.0,StNs,2.0,180,,1901.0,21.1,,22.1,22.5,23.6,23.9
108,서울,2020-06-25 6:00,21.1,,0.3,,2.5,,180,,97,,24.1,20.5,991.3,,1001.1,,0.0,,0.02,,,10.0,9.0,StNs,2.0,300,,1901.0,21.2,,22.1,22.5,23.5,23.8
108,서울,2020-06-25 7:00,21.1,,0.2,,1.1,,200,,96,,24.0,20.4,991.7,,1001.5,,0.0,,0.06,,,10.0,10.0,St,2.0,300,,190201.0,21.6,,22.2,22.5,23.5,23.7
108,서울,2020-06-25 8:00,21.5,,0.0,,1.1,,90,,95,,24.3,20.6,991.5,,1001.3,,0.0,,0.21,,,10.0,10.0,St,3.0,719,,1902.0,22.7,,22.4,22.5,23.4,23.7
108,서울,2020-06-25 9:00,21.6,,0.0,,2.8,,160,,93,,24.0,20.4,991.8,,1001.6,,0.0,,0.28,,,10.0,10.0,St,7.0,965,,1902.0,22.8,,22.7,22.7,23.4,23.6
108,서울,2020-06-25 10:00,22.0,,0.0,,3.0,,140,,93,,24.6,20.8,991.7,,1001.4,,0.0,,0.8,,,10.0,10.0,St,7.0,1010,,1902.0,24.8,,23.4,22.9,23.4,23.6
108,서울,2020-06-25 11:00,21.9,,0.5,,2.1,,180,,93,,24.4,20.7,991.7,,1001.5,,0.0,,0.54,,,10.0,10.0,St,6.0,933,,1902.0,24.7,,23.8,23.3,23.5,23.5
108,서울,2020-06-25 12:00,22.7,,0.0,,2.8,,180,,89,,24.4,20.7,991.5,,1001.2,,0.0,,0.97,,,10.0,8.0,ScAs,9.0,1176,,1902.0,26.8,,24.4,23.6,23.6,23.5
108,서울,2020-06-25 13:00,22.1,,0.0,,2.3,,230,,88,,23.4,20.0,991.8,,1001.5,,0.0,,0.38,,,10.0,10.0,St,3.0,798,,1902.0,24.3,,24.3,23.9,23.7,23.5
108,서울,2020-06-25 14:00,22.3,,0.0,,2.5,,200,,85,,22.8,19.6,991.7,,1001.4,,0.0,,0.39,,,10.0,7.0,ScAs,9.0,1083,,1902.0,24.4,,24.1,23.9,23.8,23.5
108,서울,2020-06-25 15:00,23.1,,,9.0,2.9,,180,,82,,23.1,19.8,991.8,,1001.5,,0.1,,1.05,,,10.0,8.0,ScAs,10.0,1922,,,26.9,,24.6,24.0,23.9,23.6
108,서울,2020-06-25 16:00,23.0,,,9.0,2.3,,230,,80,,22.4,19.3,991.8,,1001.5,,0.0,,0.82,,,10.0,7.0,ScAs,9.0,1552,,,25.6,,25.1,24.3,23.9,23.6
108,서울,2020-06-25 17:00,22.5,,,9.0,2.8,,200,,82,,22.2,19.2,991.7,,1001.4,,0.0,,0.27,,,10.0,8.0,ScAs,10.0,1814,,,23.8,,24.6,24.4,24.1,23.6
108,서울,2020-06-25 18:00,22.3,,,9.0,2.2,,200,,83,,22.2,19.2,991.4,,1001.1,,0.0,,0.22,,,10.0,8.0,ScAs,8.0,1681,,,23.1,,24.3,24.2,24.1,23.7
108,서울,2020-06-25 19:00,22.2,,,9.0,2.3,,180,,83,,22.1,19.1,992.0,,1001.7,,0.0,,0.07,,,10.0,8.0,,5.0,1931,,,22.3,,23.9,24.0,24.2,23.7
108,서울,2020-06-25 20:00,21.6,,,9.0,2.2,,180,,87,,22.4,19.3,992.2,,1002.0,,0.0,,0.03,,,10.0,9.0,,3.0,1098,,,21.7,,23.5,23.8,24.2,23.7
108,서울,2020-06-25 21:00,20.9,,0.4,,3.5,,180,,91,,22.4,19.3,992.5,,1002.3,,,9.0,,,,10.0,10.0,St,2.0,500,,1902.0,21.3,,23.1,23.5,24.1,23.8
108,서울,2020-06-25 22:00,20.5,,0.3,,2.1,,180,,93,,22.4,19.3,993.0,,1002.8,,,9.0,,,,10.0,10.0,St,2.0,400,,1902.0,21.0,,22.8,23.3,24.1,23.8
108,서울,2020-06-25 23:00,20.2,,0.3,,3.8,,200,,95,,22.4,19.3,993.3,,1003.2,,,9.0,,,,10.0,10.0,St,2.0,400,,1902.0,20.8,,22.6,23.1,24.0,23.8
108,서울,2020-06-26 0:00,20.1,,0.8,,2.0,,200,,96,,22.5,19.4,993.4,,1003.3,,,9.0,,,,10.0,10.0,,,300,,1902.0,20.7,,22.4,22.9,23.9,23.7
108,서울,2020-06-26 1:00,19.9,,0.3,,3.2,,200,,96,,22.2,19.2,993.3,,1003.2,,,9.0,,,,10.0,10.0,St,2.0,600,,1902.0,20.5,,22.2,22.7,23.8,23.7
108,서울,2020-06-26 2:00,19.7,,0.6,,2.7,,230,,96,,22.0,19.0,993.3,,1003.1,,,9.0,,,,10.0,10.0,St,2.0,500,,1902.0,20.3,,22.1,22.6,23.7,23.7
108,서울,2020-06-26 3:00,19.5,,0.7,,3.0,,200,,97,,22.0,19.0,994.0,,1003.8,,,9.0,,,,10.0,10.0,St,2.0,400,,1902.0,20.2,,21.9,22.4,23.6,23.6
108,서울,2020-06-26 4:00,19.2,,0.3,,3.1,,230,,97,,21.6,18.7,994.5,,1004.3,,,9.0,,,,10.0,10.0,St,2.0,600,,1902.0,19.9,,21.7,22.3,23.5,23.6
108,서울,2020-06-26 5:00,19.2,,0.2,,2.8,,230,,97,,21.6,18.7,994.8,,1004.6,,,9.0,,,,10.0,10.0,St,2.0,800,,1902.0,19.9,,21.6,22.1,23.4,23.5
108,서울,2020-06-26 6:00,19.3,,0.0,,2.8,,250,,97,,21.7,18.8,995.4,,1005.2,,0.0,,0.01,,,10.0,10.0,St,2.0,1050,,1902.0,19.9,,21.5,22.0,23.3,23.4
108,서울,2020-06-26 7:00,19.5,,,9.0,3.2,,200,,96,,21.7,18.8,995.6,,1005.4,,0.0,,0.05,,,10.0,10.0,St,2.0,865,,19.0,20.3,,21.5,22.0,23.2,23.4
108,서울,2020-06-26 8:00,19.5,,,9.0,4.1,,230,,94,,21.3,18.5,996.2,,1006.0,,0.0,,0.09,,,10.0,10.0,St,2.0,686,,19.0,20.1,,21.5,21.9,23.1,23.3
108,서울,2020-06-26 9:00,19.7,,,9.0,3.9,,230,,94,,21.6,18.7,996.4,,1006.2,,0.0,,0.13,,,10.0,10.0,St,5.0,330,,19.0,20.6,,21.5,21.9,23.0,23.2
108,서울,2020-06-26 10:00,20.4,,,9.0,2.6,,230,,92,,22.0,19.0,996.8,,1006.7,,0.0,,0.4,,,10.0,10.0,St,5.0,449,,19.0,22.5,,21.8,21.9,23.0,23.2
108,서울,2020-06-26 11:00,21.6,,,9.0,2.7,,250,,87,,22.4,19.3,996.9,,1006.7,,0.0,,0.94,,,10.0,10.0,St,4.0,588,,19.0,25.7,,22.6,22.2,22.9,23.1
108,서울,2020-06-26 12:00,23.1,,,9.0,3.1,,200,,75,,21.2,18.4,996.9,,1006.6,,0.2,,1.57,,,9.0,9.0,Sc,10.0,1002,,19.0,28.3,,24.0,22.8,22.9,23.1
108,서울,2020-06-26 13:00,23.8,,,9.0,3.7,,250,,72,,21.2,18.4,997.0,,1006.7,,0.3,,1.81,,,9.0,9.0,Sc,8.0,1189,,,27.5,,25.0,23.6,23.1,23.0
108,서울,2020-06-26 14:00,23.9,,,9.0,3.1,,250,,74,,21.8,18.9,996.4,,1006.1,,0.0,,0.77,,,9.0,9.0,Sc,8.0,1030,,,26.6,,24.7,23.9,23.2,23.0
108,서울,2020-06-26 15:00,25.3,,,9.0,4.4,,250,,67,,21.6,18.7,996.3,,1006.0,,0.6,,2.19,,,8.0,8.0,Sc,9.0,1180,,,30.2,,25.6,24.3,23.4,23.1
108,서울,2020-06-26 16:00,25.7,,,9.0,3.9,,250,,64,,21.0,18.3,996.3,,1006.0,,0.7,,2.2,,,6.0,6.0,Sc,10.0,1403,,,31.0,,26.4,24.9,23.6,23.1
108,서울,2020-06-26 17:00,24.9,,,9.0,3.3,,230,,69,,21.7,18.8,996.3,,1006.0,,0.7,,1.58,,,8.0,8.0,Sc,7.0,1209,,,27.6,,26.5,25.3,23.9,23.2
108,서울,2020-06-26 18:00,24.3,,,9.0,3.4,,200,,71,,21.4,18.6,996.5,,1006.2,,0.4,,0.81,,,7.0,7.0,Sc,10.0,1472,,,25.0,,25.9,25.2,24.1,23.3
108,서울,2020-06-26 19:00,23.4,,,9.0,3.2,,230,,75,,21.6,18.7,996.9,,1006.6,,0.2,,0.39,,,4.0,4.0,,6.0,1179,,,23.2,,25.3,25.0,24.3,23.4
108,서울,2020-06-26 20:00,22.6,,,9.0,3.5,,250,,76,,20.8,18.1,997.3,,1007.1,,0.0,,0.09,,,6.0,4.0,,7.0,1384,,,21.3,,24.4,24.6,24.4,23.5
108,서울,2020-06-26 21:00,21.9,,,9.0,2.2,,250,,78,,20.4,17.8,997.7,,1007.5,,,9.0,,,,6.0,2.0,ScCi,10.0,1323,,,20.5,,23.6,24.1,24.4,23.6
108,서울,2020-06-26 22:00,21.8,,,9.0,2.7,,200,,78,,20.2,17.7,998.0,,1007.8,,,9.0,,,,,1.0,,9.0,1216,,,20.4,,23.1,23.6,24.3,23.7
108,서울,2020-06-26 23:00,21.6,,,9.0,2.3,,230,,77,,19.7,17.3,998.3,,1008.1,,,9.0,,,,,5.0,,58.0,1579,,,20.2,,22.7,23.3,24.2,23.7
108,서울,2020-06-27 0:00,21.3,,,9.0,1.6,,230,,78,,19.7,17.3,998.4,,1008.3,,,9.0,,,,6.0,0.0,,,1422,,,19.9,,22.5,23.1,24.1,23.7
108,서울,2020-06-27 1:00,21.0,,,,1.2,,250,,79,,19.6,17.2,998.0,,1007.9,,,9.0,,,,8.0,2.0,,9.0,1545,,,19.9,,22.2,22.8,23.9,23.7
108,서울,2020-06-27 2:00,21.0,,,,1.4,,250,,78,,19.4,17.0,997.7,,1007.6,,,9.0,,,,10.0,2.0,,9.0,1766,,,19.9,,22.1,22.6,23.8,23.6
108,서울,2020-06-27 3:00,20.9,,,,1.4,,250,,78,,19.2,16.9,997.4,,1007.3,,,9.0,,,,8.0,0.0,Ci,,1883,,,19.8,,21.9,22.5,23.7,23.6
108,서울,2020-06-27 4:00,20.7,,,,1.1,,340,,80,,19.5,17.1,996.9,,1006.8,,,9.0,,,,9.0,3.0,ScCi,10.0,1725,,,19.9,,21.8,22.3,23.6,23.5
108,서울,2020-06-27 5:00,20.5,,,,0.6,,340,,82,,19.7,17.3,996.4,,1006.3,,,9.0,,,,8.0,4.0,ScCi,10.0,1747,,,19.9,,21.7,22.2,23.4,23.5
108,서울,2020-06-27 6:00,20.4,,,,0.2,,0,,81,,19.4,17.0,996.4,,1006.3,,0.0,,0.02,,,10.0,2.0,ScAs,11.0,1664,,,20.2,,21.6,22.1,23.3,23.4
108,서울,2020-06-27 7:00,20.6,,0.0,,0.2,,0,,81,,19.6,17.2,996.8,,1006.7,,0.0,,0.08,,,10.0,3.0,ScAs,13.0,1396,,1.0,20.7,,21.7,22.1,23.2,23.3
108,서울,2020-06-27 8:00,21.3,,,9.0,0.0,,0,,78,,19.7,17.3,996.9,,1006.7,,0.0,,0.33,,,10.0,6.0,ScAs,10.0,1647,,,22.4,,22.1,22.1,23.2,23.3
108,서울,2020-06-27 9:00,22.5,,,9.0,0.9,,70,,75,,20.4,17.8,996.5,,1006.3,,0.0,,0.87,,,9.0,2.0,AcCi,40.0,1908,,,25.7,,22.9,22.5,23.1,23.2
108,서울,2020-06-27 10:00,23.7,,,9.0,0.4,,0,,70,,20.4,17.8,996.5,,1006.2,,0.0,,1.35,,,7.0,4.0,AcCi,49.0,1393,,,29.3,,23.9,23.0,23.1,23.2
108,서울,2020-06-27 11:00,25.3,,,9.0,2.4,,200,,64,,20.5,17.9,996.2,,1005.9,,0.8,,2.62,,,7.0,5.0,AcCi,48.0,1017,,,32.5,,26.1,24.0,23.2,23.1
108,서울,2020-06-27 12:00,27.1,,,9.0,2.1,,200,,60,,21.4,18.6,995.9,,1005.5,,0.9,,3.06,,,7.0,3.0,ScCi,10.0,946,,40.0,36.5,,27.8,25.2,23.5,23.1
108,서울,2020-06-27 13:00,27.4,,,9.0,2.1,,270,,54,,19.6,17.2,995.6,,1005.2,,0.6,,2.57,,,8.0,7.0,ScCi,12.0,1362,,40.0,32.1,,28.6,26.3,23.8,23.2
108,서울,2020-06-27 14:00,28.3,,,9.0,2.3,,250,,56,,21.4,18.6,994.7,,1004.3,,0.5,,2.4,,,2.0,1.0,ScAc,13.0,982,,40.0,34.9,,28.7,26.6,24.2,23.3
108,서울,2020-06-27 15:00,29.0,,,9.0,3.1,,250,,55,,22.0,19.0,994.3,,1003.8,,1.0,,2.8,,,1.0,1.0,Sc,12.0,1015,,40.0,33.5,,29.7,27.4,24.6,23.4
108,서울,2020-06-27 16:00,29.4,,,9.0,3.5,,250,,54,,22.1,19.1,993.9,,1003.4,,0.8,,2.26,,,6.0,3.0,ScCi,14.0,1086,,,32.7,,29.8,27.9,25.0,23.6
108,서울,2020-06-27 17:00,28.5,,,9.0,3.6,,270,,54,,20.9,18.2,993.7,,1003.2,,1.0,,1.91,,,0.0,0.0,,,1699,,,29.9,,29.4,28.0,25.4,23.8
108,서울,2020-06-27 18:00,26.7,,,9.0,5.3,,290,,61,,21.3,18.5,993.6,,1003.2,,1.0,,1.25,,,0.0,0.0,,,2000,,,26.2,,28.6,27.8,25.7,24.0
108,서울,2020-06-27 19:00,25.3,,,9.0,3.7,,270,,65,,20.9,18.2,994.1,,1003.8,,0.8,,0.55,,,2.0,0.0,,,2000,,,24.0,,27.3,27.2,25.9,24.2
108,서울,2020-06-27 20:00,24.0,,,9.0,2.9,,270,,67,,19.9,17.4,994.2,,1003.9,,0.0,,0.11,,,3.0,0.0,,,2000,,,21.9,,26.1,26.5,25.9,24.4
108,서울,2020-06-27 21:00,23.5,,,9.0,1.9,,320,,71,,20.5,17.9,994.7,,1004.4,,,9.0,,,,8.0,8.0,Sc,10.0,1975,,,21.6,,25.2,25.8,25.9,24.5
108,서울,2020-06-27 22:00,23.2,,,9.0,2.1,,320,,77,,21.8,18.9,995.2,,1004.9,,,9.0,,,,6.0,1.0,,10.0,1677,,,21.4,,24.5,25.2,25.7,24.6
108,서울,2020-06-27 23:00,23.0,,,9.0,2.4,,320,,77,,21.6,18.7,995.3,,1005.0,,,9.0,,,,4.0,2.0,,9.0,987,,19.0,21.4,,24.2,24.8,25.5,24.6
108,서울,2020-06-28 0:00,22.5,,,9.0,1.6,,270,,82,,22.2,19.2,995.1,,1004.9,,,9.0,,,,6.0,6.0,,,756,,19.0,21.0,,23.8,24.5,25.3,24.6
108,서울,2020-06-28 1:00,22.2,,,,1.2,,250,,84,,22.4,19.3,994.5,,1004.3,,,9.0,,,,1.0,0.0,,,667,,19.0,20.6,,23.5,24.1,25.2,24.6
108,서울,2020-06-28 2:00,21.8,,,,0.7,,320,,85,,22.1,19.1,994.1,,1003.9,,,9.0,,,,5.0,2.0,,4.0,685,,19.0,20.4,,23.1,23.9,25.0,24.5
108,서울,2020-06-28 3:00,21.7,,,,2.0,,290,,87,,22.5,19.4,994.3,,1004.1,,,9.0,,,,2.0,2.0,Sc,9.0,632,,19.0,20.3,,22.9,23.6,24.8,24.5
108,서울,2020-06-28 4:00,21.6,,,,0.9,,340,,87,,22.4,19.3,994.3,,1004.1,,,9.0,,,,6.0,6.0,Sc,9.0,652,,19.0,20.7,,22.8,23.4,24.6,24.4
108,서울,2020-06-28 5:00,21.6,,,,1.6,,270,,88,,22.7,19.5,994.4,,1004.2,,,9.0,,,,5.0,5.0,Sc,10.0,597,,19.0,20.9,,22.7,23.3,24.5,24.3
108,서울,2020-06-28 6:00,21.5,,,,0.8,,320,,88,,22.5,19.4,994.8,,1004.6,,0.0,,0.05,,,0.0,0.0,,,550,,19.0,20.8,,22.7,23.2,24.4,24.2
108,서울,2020-06-28 7:00,21.9,,,,2.6,,290,,89,,23.2,19.9,995.2,,1005.0,,0.6,,0.46,,,1.0,1.0,Sc,11.0,578,,19.0,22.6,,22.7,23.1,24.2,24.1
108,서울,2020-06-28 8:00,22.8,,,,2.3,,270,,83,,22.9,19.7,995.3,,1005.0,,0.9,,0.93,,,3.0,3.0,Sc,10.0,707,,19.0,26.1,,23.3,23.3,24.1,24.1
108,서울,2020-06-28 9:00,24.1,,,,2.7,,290,,76,,22.7,19.5,995.2,,1004.9,,1.0,,1.89,,,3.0,3.0,Sc,10.0,903,,19.0,30.5,,24.3,23.7,24.1,24.0
108,서울,2020-06-28 10:00,25.1,,,,2.7,,290,,70,,22.2,19.2,995.0,,1004.7,,1.0,,2.38,,,2.0,2.0,Sc,10.0,1284,,19.0,32.0,,25.6,24.4,24.1,23.9
108,서울,2020-06-28 11:00,26.1,,,,3.4,,270,,64,,21.6,18.7,994.7,,1004.4,,0.8,,2.62,,,2.0,2.0,Sc,10.0,1514,,,34.2,,26.8,25.2,24.3,23.9
108,서울,2020-06-28 12:00,27.5,,,,3.0,,270,,59,,21.6,18.7,994.5,,1004.1,,0.9,,3.14,,,4.0,4.0,Sc,11.0,1696,,,37.2,,28.2,26.1,24.5,23.9
108,서울,2020-06-28 13:00,28.0,,,,3.0,,320,,56,,21.0,18.3,994.1,,1003.7,,0.9,,3.53,,,3.0,3.0,Sc,12.0,1825,,,37.9,,29.5,27.2,24.8,23.9
108,서울,2020-06-28 14:00,28.6,,,,3.4,,270,,52,,20.2,17.7,994.0,,1003.5,,0.9,,3.34,,,3.0,3.0,Sc,10.0,1834,,,38.0,,30.6,28.1,25.2,24.0
108,서울,2020-06-28 15:00,29.9,,,,3.0,,290,,51,,21.4,18.6,994.0,,1003.5,,1.0,,3.35,,,4.0,4.0,Sc,13.0,1845,,,40.5,,31.4,28.9,25.6,24.2
108,서울,2020-06-28 16:00,29.6,,,,3.4,,250,,53,,22.0,19.0,994.0,,1003.5,,1.0,,2.79,,,3.0,3.0,Sc,10.0,1843,,,38.4,,31.4,29.4,26.1,24.4
108,서울,2020-06-28 17:00,29.1,,,,3.4,,270,,58,,23.2,19.9,993.9,,1003.4,,1.0,,2.03,,,2.0,2.0,Sc,10.0,1725,,,34.9,,31.0,29.5,26.5,24.6
108,서울,2020-06-28 18:00,28.6,,,,2.7,,270,,60,,23.4,20.0,993.8,,1003.3,,1.0,,1.33,,,2.0,0.0,Ci,,1834,,,30.0,,30.3,29.4,26.8,24.8
108,서울,2020-06-28 19:00,27.6,,,,2.7,,270,,64,,23.5,20.1,994.4,,1004.0,,1.0,,0.61,,,2.0,0.0,,,1796,,,26.9,,29.4,29.0,27.1,25.0
108,서울,2020-06-28 20:00,26.2,,,,2.0,,270,,66,,22.4,19.3,994.8,,1004.5,,0.4,,0.15,,,0.0,0.0,,,1957,,,24.5,,28.2,28.3,27.2,25.2
108,서울,2020-06-28 21:00,25.1,,,,2.6,,290,,70,,22.2,19.2,995.7,,1005.4,,,9.0,,,,0.0,0.0,,,1921,,,23.1,,27.1,27.6,27.1,25.4
108,서울,2020-06-28 22:00,24.1,,,,2.8,,270,,69,,20.6,18.0,996.3,,1006.0,,,9.0,,,,2.0,0.0,,,2000,,,22.1,,26.2,26.9,27.0,25.5
108,서울,2020-06-28 23:00,23.6,,,,2.0,,270,,71,,20.6,18.0,996.1,,1005.8,,,9.0,,,,2.0,0.0,,,1920,,,21.6,,25.6,26.3,26.8,25.5
108,서울,2020-06-29 0:00,23.2,,,,1.5,,270,,74,,21.0,18.3,996.0,,1005.7,,,9.0,,,,0.0,0.0,,,1800,,,21.2,9.0,25.0,25.8,26.6,25.5
108,서울,2020-06-29 1:00,22.8,,,,1.8,,270,,78,,21.7,18.8,995.8,,1005.5,,,9.0,,,,2.0,0.0,,,1100,,,,9.0,,,,
108,서울,2020-06-29 2:00,22.1,,,,1.8,,250,,80,,21.3,18.5,996.0,,1005.8,,,9.0,,,,6.0,0.0,,,604,,19.0,20.7,,24.2,25.0,26.2,25.5
108,서울,2020-06-29 3:00,21.6,,,,1.2,,290,,83,,21.3,18.5,996.1,,1005.9,,,9.0,,,,4.0,0.0,Ci,,492,,19.0,20.3,,23.8,24.7,25.9,25.4
108,서울,2020-06-29 4:00,21.0,,,,2.0,,50,,85,,21.0,18.3,995.5,,1005.3,,,9.0,,,,0.0,0.0,,,470,,19.0,19.8,,23.5,24.4,25.7,25.3
108,서울,2020-06-29 5:00,20.8,,,,1.5,,50,,86,,21.0,18.3,995.5,,1005.4,,,9.0,,,,5.0,0.0,Ci,,599,,19.0,19.6,,23.1,24.0,25.5,25.2
108,서울,2020-06-29 6:00,20.9,,,,1.8,,50,,88,,21.7,18.8,995.9,,1005.8,,0.0,,0.05,,,8.0,0.0,Ci,,796,,19.0,20.2,,22.9,23.8,25.3,25.1
108,서울,2020-06-29 7:00,22.0,,,,2.0,,50,,87,,22.9,19.7,995.8,,1005.6,,0.3,,0.43,,,8.0,0.0,Ci,,737,,19.0,22.7,,23.2,23.7,25.1,25.0
108,서울,2020-06-29 8:00,23.8,,,,2.6,,50,,81,,23.8,20.3,995.5,,1005.2,,0.6,,0.94,,,7.0,0.0,Ci,,721,,19.0,26.8,,23.9,23.9,24.9,24.9
108,서울,2020-06-29 9:00,25.2,,,,1.6,,70,,72,,22.9,19.7,995.3,,1005.0,,0.8,,1.51,,,9.0,1.0,AcCi,30.0,994,,19.0,28.8,,25.0,24.4,24.8,24.8
108,서울,2020-06-29 10:00,25.4,,,,2.6,,90,,67,,21.7,18.8,995.1,,1004.8,,0.0,,1.07,,,9.0,0.0,Ci,,993,,4019.0,26.8,,25.8,25.0,24.9,24.7
108,서울,2020-06-29 11:00,26.5,,,,2.4,,70,,65,,22.4,19.3,995.1,,1004.7,,0.0,,1.15,,,9.0,0.0,Ci,,1265,,40.0,28.7,,26.2,25.4,25.0,24.6
108,서울,2020-06-29 12:00,26.5,,,,2.9,,70,,67,,23.1,19.8,994.0,,1003.6,,0.0,,0.75,,,9.0,5.0,AcCi,30.0,1190,,,27.0,,26.4,25.7,25.1,24.6
108,서울,2020-06-29 13:00,26.3,,,,3.0,,50,,68,,23.2,19.9,993.2,,1002.8,,0.0,,0.51,,,9.0,3.0,ScCi,10.0,1111,,,26.0,,26.3,25.8,25.2,24.6
108,서울,2020-06-29 14:00,26.2,,,,2.7,,90,,68,,23.1,19.8,992.9,,1002.5,,0.0,,0.53,,,10.0,5.0,ScAs,10.0,1197,,,25.4,,26.2,25.8,25.3,24.6
108,서울,2020-06-29 15:00,25.9,,,,3.1,,90,,69,,22.9,19.7,992.1,,1001.7,,0.0,,0.28,,,10.0,5.0,ScAs,10.0,1162,,,24.3,,25.9,25.7,25.4,24.7
108,서울,2020-06-29 16:00,26.2,,,,1.8,,90,,70,,23.7,20.2,991.3,,1000.9,,0.0,,0.4,,,9.0,3.0,ScCi,9.0,1086,,,25.1,,25.7,25.6,25.4,24.7
108,서울,2020-06-29 17:00,26.2,,,,2.4,,90,,67,,22.7,19.5,990.5,,1000.1,,0.0,,0.39,,,9.0,7.0,AcCi,47.0,1172,,,24.8,,25.8,25.6,25.4,24.7
108,서울,2020-06-29 18:00,26.1,,,,3.7,,90,,65,,21.8,18.9,990.1,,999.7,,0.0,,0.3,,,9.0,4.0,ScCi,11.0,1283,,,23.7,,25.6,25.5,25.4,24.7
108,서울,2020-06-29 19:00,25.8,,0.0,,2.7,,70,,66,,21.8,18.9,989.4,,999.0,,0.0,,0.08,,,10.0,5.0,ScAs,11.0,1049,,1.0,23.0,,25.3,25.3,25.4,24.7
108,서울,2020-06-29 20:00,25.0,,0.0,,3.1,,110,,72,,22.7,19.5,988.7,,998.3,,0.0,,0.01,,,10.0,7.0,ScAs,9.0,878,,401901.0,22.6,,24.9,25.1,25.4,24.7
108,서울,2020-06-29 21:00,23.6,,0.5,,3.4,,70,,80,,23.2,19.9,987.3,,996.9,,,9.0,,,,10.0,8.0,StNs,8.0,580,,1901.0,22.0,,24.4,24.8,25.3,24.7
108,서울,2020-06-29 22:00,22.8,,0.8,,2.7,,50,,85,,23.5,20.1,986.2,,995.8,,,9.0,,,,10.0,8.0,StNs,8.0,450,,1901.0,21.7,,24.0,24.5,25.2,24.7
108,서울,2020-06-29 23:00,21.6,,5.0,,5.2,,50,,89,,22.9,19.7,985.2,,994.9,,,9.0,,,,10.0,8.0,StNs,7.0,391,,1901.0,21.1,,23.4,24.2,25.1,24.7
108,서울,2020-06-30 0:00,20.6,,5.6,,4.0,,50,,92,,22.2,19.2,983.8,,993.5,,,9.0,,,,10.0,7.0,,,250,,1901.0,20.4,,22.8,23.7,25.0,24.7
108,서울,2020-06-30 1:00,19.6,,13.3,,5.1,,50,,93,,21.2,18.4,981.6,,991.3,,,9.0,,,,10.0,9.0,StNs,7.0,206,,1901.0,19.5,,21.5,22.8,24.7,24.6
108,서울,2020-06-30 2:00,19.2,,10.8,,6.5,,70,,94,,20.9,18.2,980.7,,990.4,,,9.0,,,,10.0,9.0,StNs,5.0,302,,1901.0,19.0,,20.8,22.0,24.3,24.5
108,서울,2020-06-30 3:00,19.2,,2.3,,6.1,,50,,92,,20.4,17.8,979.9,,989.6,,,9.0,,,,10.0,8.0,StNs,9.0,708,,1901.0,18.8,,20.8,21.7,23.9,24.3
108,서울,2020-06-30 4:00,18.8,,12.4,,3.9,,50,,94,,20.4,17.8,979.8,,989.5,,,9.0,,,,10.0,9.0,StNs,8.0,157,,1901.0,18.5,,19.9,21.1,23.4,24.2
108,서울,2020-06-30 5:00,18.5,,11.0,,4.0,,50,,95,,20.1,17.6,979.9,,989.6,,,9.0,,,,10.0,9.0,StNs,8.0,368,,1901.0,18.4,,19.5,20.6,23.0,23.8
108,서울,2020-06-30 6:00,18.5,,10.6,,2.7,,50,,96,,20.4,17.8,980.1,,989.8,,0.0,,0.01,,,10.0,8.0,StNs,8.0,419,,1901.0,18.3,,19.2,20.1,22.5,23.5
108,서울,2020-06-30 7:00,18.7,,1.4,,2.2,,20,,95,,20.4,17.8,980.7,,990.4,,0.0,,0.04,,,10.0,9.0,StNs,7.0,400,,1901.0,18.8,,19.5,20.1,22.2,23.2
108,서울,2020-06-30 8:00,19.0,,1.3,,3.7,,50,,95,,20.8,18.1,981.0,,990.7,,0.0,,0.17,,,10.0,7.0,StNs,4.0,535,,1901.0,19.8,,19.9,20.3,22.1,23.0
108,서울,2020-06-30 9:00,19.4,,0.8,,1.5,,270,,95,,21.3,18.5,981.2,,990.9,,0.0,,0.37,,,10.0,8.0,StNs,7.0,958,,1901.0,21.1,,20.3,20.5,22.0,22.9
108,서울,2020-06-30 10:00,19.9,,0.1,,2.5,,320,,92,,21.3,18.5,981.2,,991.0,,0.0,,0.52,,,10.0,7.0,ScAs,13.0,2000,,1901.0,22.4,,20.8,20.8,22.0,22.8
108,서울,2020-06-30 11:00,20.6,,0.0,,3.3,,320,,83,,20.1,17.6,981.4,,991.1,,0.0,,0.5,,,10.0,8.0,ScAs,13.0,2000,,1.0,21.9,,21.1,21.1,22.0,22.7
108,서울,2020-06-30 12:00,21.2,,0.0,,3.2,,340,,77,,19.2,16.9,982.0,,991.7,,0.0,,0.51,,,10.0,8.0,ScAs,13.0,1988,,1.0,22.3,,21.3,21.2,22.1,22.6
108,서울,2020-06-30 13:00,22.0,,0.0,,3.4,,70,,75,,19.7,17.3,982.5,,992.2,,0.0,,0.86,,,10.0,7.0,ScAs,12.0,2000,,1.0,24.1,,21.8,21.5,22.1,22.6
108,서울,2020-06-30 14:00,22.4,,0.0,,4.7,,50,,73,,19.7,17.3,983.1,,992.7,,0.0,,0.98,,,10.0,7.0,ScAs,11.0,2000,,1.0,24.2,,22.3,21.8,22.2,22.6
108,서울,2020-06-30 15:00,23.1,,0.0,,3.8,,340,,69,,19.4,17.0,983.5,,993.1,,0.0,,0.98,,,10.0,7.0,ScAs,14.0,2000,,1.0,24.6,,22.8,22.2,22.3,22.6
108,서울,2020-06-30 16:00,22.7,,,9.0,5.3,,340,,66,,18.2,16.0,984.5,,994.1,,0.0,,0.45,,,10.0,7.0,ScAs,14.0,2000,,,22.1,,22.6,22.3,22.5,22.6
108,서울,2020-06-30 17:00,22.5,,,9.0,5.8,,360,,64,,17.4,15.3,985.4,,995.1,,0.0,,0.36,,,10.0,7.0,ScAs,14.0,2000,,,21.0,,22.2,22.3,22.6,22.6
108,서울,2020-06-30 18:00,21.7,,0.0,,5.6,,320,,66,,17.0,15.0,987.0,,996.7,,0.0,,0.24,,,10.0,8.0,ScAs,16.0,2000,,1.0,20.0,,21.8,22.1,22.6,22.6
108,서울,2020-06-30 19:00,20.6,,0.0,,5.0,,320,,72,,17.4,15.3,988.0,,997.8,,0.0,,0.16,,,10.0,7.0,ScAs,17.0,2000,,1.0,19.5,,21.4,21.8,22.7,22.7
108,서울,2020-06-30 20:00,20.0,,0.0,,3.8,,320,,78,,18.2,16.0,988.8,,998.6,,0.0,,0.05,,,10.0,7.0,ScAs,10.0,2000,,1.0,18.9,,21.1,21.6,22.6,22.7
108,서울,2020-06-30 21:00,18.9,,0.5,,2.5,,320,,84,,18.3,16.1,989.7,,999.5,,,9.0,,,,10.0,8.0,ScAs,10.0,1989,,1.0,18.5,,20.7,21.4,22.6,22.7
108,서울,2020-06-30 22:00,18.6,,0.2,,3.3,,320,,88,,18.8,16.5,990.2,,1000.0,,,9.0,,,,10.0,8.0,StNs,9.0,2000,,1.0,18.4,,20.5,21.1,22.5,22.7
108,서울,2020-06-30 23:00,18.7,,0.0,,3.3,,320,,87,,18.6,16.4,990.8,,1000.6,,,9.0,,,,10.0,8.0,ScAs,10.0,2000,,1.0,18.3,,20.3,20.9,22.4,22.7
108,서울,2020-07-01 0:00,18.8,,0.0,,3.7,,320,,85,,18.4,16.2,991.2,,1001.0,,,9.0,,,,10.0,8.0,,,2000,,1.0,18.1,,20.1,20.8,22.3,22.6
108,서울,2020-07-01 1:00,18.8,,0.0,,3.0,,320,,87,,18.8,16.5,991.6,,1001.4,,,9.0,,,,10.0,8.0,ScAs,10.0,2000,,1.0,18.2,,20.1,20.7,22.2,22.6
108,서울,2020-07-01 2:00,18.7,,0.0,,3.0,,290,,87,,18.6,16.4,991.7,,1001.5,,,9.0,,,,10.0,7.0,ScAs,10.0,2000,,1.0,18.0,,20.0,20.6,22.1,22.5
108,서울,2020-07-01 3:00,18.4,,0.0,,2.3,,290,,86,,18.2,16.0,991.7,,1001.6,,,9.0,,,,8.0,6.0,AcCi,48.0,2000,,1.0,17.5,,19.9,20.5,22.0,22.5
108,서울,2020-07-01 4:00,18.2,,,9.0,1.2,,20,,86,,17.9,15.8,991.8,,1001.7,,,9.0,,,,8.0,4.0,AcCi,46.0,2000,,,17.5,,19.7,20.4,21.9,22.4
108,서울,2020-07-01 5:00,18.2,,,9.0,1.5,,270,,85,,17.7,15.6,992.3,,1002.2,,,9.0,,,,9.0,9.0,Ac,30.0,2000,,,17.9,,19.7,20.3,21.8,22.3
108,서울,2020-07-01 6:00,18.3,,,9.0,3.1,,290,,89,,18.6,16.4,992.7,,1002.6,,0.0,,0.01,,,9.0,4.0,ScAc,15.0,2000,,,18.0,,19.7,20.2,21.8,22.3
108,서울,2020-07-01 7:00,18.5,,,9.0,1.4,,270,,88,,18.6,16.4,993.3,,1003.2,,0.0,,0.14,,,10.0,6.0,ScAs,12.0,2000,,,19.1,,19.8,20.2,21.7,22.2
108,서울,2020-07-01 8:00,19.1,,,9.0,1.0,,270,,84,,18.5,16.3,993.9,,1003.7,,0.0,,0.26,,,10.0,5.0,ScAs,11.0,2000,,,20.3,,20.2,20.4,21.6,22.1
108,서울,2020-07-01 9:00,19.6,,,9.0,1.4,,230,,84,,19.1,16.8,994.1,,1003.9,,0.0,,0.35,,,10.0,3.0,ScAs,12.0,2000,,,21.1,,20.6,20.6,21.6,22.1
108,서울,2020-07-01 10:00,21.2,,,9.0,2.5,,290,,79,,19.9,17.4,994.0,,1003.8,,0.0,,1.2,,,10.0,5.0,ScAs,11.0,2000,,,26.3,,21.7,21.0,21.6,22.0
108,서울,2020-07-01 11:00,21.6,,,9.0,2.1,,270,,76,,19.5,17.1,994.2,,1004.0,,0.0,,0.95,,,10.0,6.0,ScAs,8.0,2000,,,23.9,,22.5,21.6,21.7,22.0
108,서울,2020-07-01 12:00,21.7,,,9.0,2.0,,270,,75,,19.4,17.0,994.3,,1004.1,,0.0,,0.55,,,10.0,4.0,ScAs,8.0,2000,,,23.8,,22.4,21.9,21.8,22.0
108,서울,2020-07-01 13:00,21.9,,,9.0,2.2,,270,,73,,19.1,16.8,994.5,,1004.3,,0.0,,0.65,,,10.0,4.0,ScAs,7.0,2000,,,24.4,,22.6,22.0,22.0,22.0
108,서울,2020-07-01 14:00,22.5,,,9.0,1.5,,250,,72,,19.5,17.1,994.8,,1004.5,,0.0,,0.93,,,10.0,5.0,ScAs,8.0,1926,,,25.3,,23.1,22.3,22.1,22.0
108,서울,2020-07-01 15:00,23.4,,,9.0,0.9,,20,,69,,19.7,17.3,994.7,,1004.4,,0.0,,1.26,,,10.0,6.0,ScAs,8.0,1382,,,26.6,,23.9,22.8,22.2,22.1
108,서울,2020-07-01 16:00,23.9,,,9.0,2.2,,140,,69,,20.4,17.8,995.1,,1004.8,,0.0,,1.06,,,8.0,8.0,Sc,8.0,1233,,,26.7,,24.2,23.1,22.4,22.1
108,서울,2020-07-01 17:00,24.3,,,9.0,1.6,,160,,68,,20.6,18.0,995.4,,1005.1,,0.0,,0.96,,,7.0,7.0,Sc,9.0,1163,,,25.9,,24.5,23.5,22.6,22.2
108,서울,2020-07-01 18:00,24.1,,,9.0,1.6,,160,,70,,20.9,18.2,995.8,,1005.5,,0.2,,0.79,,,9.0,9.0,Sc,8.0,1162,,,24.6,,24.6,23.7,22.8,22.3
108,서울,2020-07-01 19:00,23.7,,,9.0,2.5,,140,,71,,20.8,18.1,996.1,,1005.8,,0.0,,0.26,,,5.0,3.0,,13.0,1360,,,22.9,,24.2,23.7,23.0,22.4
108,서울,2020-07-01 20:00,23.0,,,9.0,3.0,,180,,75,,21.0,18.3,996.7,,1006.4,,0.0,,0.1,,,3.0,3.0,,8.0,743,,40.0,21.1,,23.5,23.5,23.1,22.5
108,서울,2020-07-01 21:00,22.3,,,9.0,2.0,,180,,78,,20.9,18.2,997.6,,1007.4,,,9.0,,,,5.0,5.0,Sc,9.0,498,,40.0,20.0,,22.8,23.1,23.2,22.6
108,서울,2020-07-01 22:00,21.8,,,9.0,2.3,,140,,80,,20.8,18.1,998.2,,1008.0,,,9.0,,,,1.0,1.0,,8.0,518,,4019.0,19.5,,22.2,22.7,23.1,22.6
108,서울,2020-07-01 23:00,21.3,,,9.0,0.6,,110,,82,,20.6,18.0,998.7,,1008.6,,,9.0,,,,1.0,0.0,,,476,,19.0,19.1,,21.8,22.3,23.1,22.7
