date,temp_daegu,maxtemp_daegu,mintemp_daegu,dailycross_daegu,precip_daegu,humid_daegu,cloud_daegu,temp_incheon,maxtemp_incheon,mintemp_incheon,dailycross_incheon,precip_incheon,humid_incheon,cloud_incheon,temp_daejeon,maxtemp_daejeon,mintemp_daejeon,dailycross_daejeon,precip_daejeon,humid_daejeon,cloud_daejeon,temp_busan,maxtemp_busan,mintemp_busan,dailycross_busan,precip_busan,humid_busan,cloud_busan,temp_seoul,maxtemp_seoul,mintemp_seoul,dailycross_seoul,precip_seoul,humid_seoul,cloud_seoul,temp_gwangju,maxtemp_gwangju,mintemp_gwangju,dailycross_gwangju,precip_gwangju,humid_gwangju,cloud_gwangju,finedust
2019-01-01,-0.6,3.4,-3.0,6.4,0.0,49,3.6,-4.4,-0.9,-7.2,6.3,0.0,58,2.5,-2.7,0.7,-6.1,6.8,0.1,70,7.1,1.0,5.5,-1.9,7.4,0.0,42,0.4,-5.0,-0.6,-8.2,7.6,0.0,50,3.4,0.0,2.4,-2.3,4.7,0.0,65,7.9,38
2019-01-02,-0.5,4.2,-4.2,8.4,0.0,39,0.5,-3.9,0.0,-6.4,6.4,0.0,49,0.0,-3.3,2.9,-8.4,11.3,0.0,64,0.0,1.2,6.4,-2.5,8.9,0.0,35,0.0,-4.9,0.2,-8.8,9.0,0.0,43,0.0,-0.1,4.2,-2.8,7.0,0.0,62,3.9,34
2019-01-03,0.0,6.1,-3.6,9.7,0.0,30,0.0,-2.6,2.4,-6.4,8.8,0.0,46,0.4,-2.7,4.3,-8.5,12.8,0.0,56,0.0,3.0,8.4,-1.7,10.1,0.0,22,0.0,-3.5,3.2,-8.4,11.6,0.0,39,0.1,0.5,6.5,-3.5,10.0,0.0,53,0.0,39
2019-01-04,0.9,7.2,-6.8,14.0,0.0,38,2.1,-0.3,3.5,-4.3,7.8,0.0,68,3.6,-1.6,4.2,-8.1,12.3,0.0,62,5.4,5.0,8.2,1.4,6.8,0.0,22,5.4,-1.1,4.1,-6.2,10.3,0.0,56,5.5,0.6,3.9,-4.1,8.0,0.0,56,6.6,60
2019-01-05,2.4,7.5,-3.8,11.3,0.0,38,2.1,-2.8,0.5,-5.2,5.7,0.0,43,1.8,-0.7,4.5,-4.8,9.3,0.0,53,3.8,5.5,10.7,2.2,8.5,0.0,32,4.6,-2.8,1.1,-5.5,6.6,0.0,40,0.5,2.0,6.9,-2.1,9.0,0.0,54,2.9,63
2019-01-06,0.6,7.3,-5.0,12.3,0.0,30,3.2,-2.7,1.9,-5.8,7.7,0.0,46,2.6,-1.9,5.4,-7.1,12.5,0.0,53,2.6,4.4,10.7,1.3,9.4,0.0,31,4.2,-2.8,2.7,-6.3,9.0,0.0,35,3.1,0.6,6.3,-2.8,9.1,0.0,44,3.6,49
2019-01-07,1.2,6.1,-5.6,11.7,0.0,38,3.5,-1.3,2.5,-4.9,7.4,0.0,59,3.4,-1.2,5.6,-6.9,12.5,0.0,67,3.6,4.4,9.5,0.7,8.8,0.0,23,2.9,-1.9,3.1,-6.2,9.3,0.0,46,4.0,1.2,6.3,-3.2,9.5,0.0,64,3.9,57
2019-01-08,1.2,5.1,-2.0,7.1,0.0,38,2.8,-2.9,0.3,-5.8,6.1,0.0,41,0.4,-1.5,3.9,-5.0,8.9,0.0,54,2.8,3.2,8.2,-0.7,8.9,0.0,36,3.6,-3.5,0.5,-7.2,7.7,0.0,31,0.0,0.7,5.1,-1.3,6.4,0.0,61,6.2,41
2019-01-09,-1.3,4.3,-5.6,9.9,0.0,34,4.9,-4.6,-0.8,-8.3,7.5,0.0,37,5.1,-3.4,2.3,-8.6,10.9,0.0,42,4.1,2.3,7.6,-2.6,10.2,0.0,37,5.2,-4.7,1.3,-9.4,10.7,0.0,29,4.9,-0.9,3.8,-5.1,8.9,0.0,33,7.9,51
2019-01-10,1.7,5.7,-2.8,8.5,0.0,42,4.0,-0.9,2.1,-4.2,6.3,0.0,59,8.4,-1.1,2.0,-3.2,5.2,0.0,58,7.8,4.8,9.0,2.5,6.5,0.0,35,4.8,-0.7,3.0,-4.5,7.5,0.0,49,8.1,2.0,6.8,-0.6,7.4,0.0,57,6.8,58
2019-01-11,3.0,8.3,-3.3,11.6,0.0,55,4.0,2.2,5.8,0.3,5.5,0.0,72,7.0,2.8,8.4,-3.0,11.4,0.0,64,6.5,6.2,12.2,0.4,11.8,0.0,55,5.0,2.4,7.2,-0.4,7.6,0.0,59,6.1,4.2,9.3,-1.1,10.4,0.4,61,6.5,80
2019-01-12,3.1,6.0,-0.9,6.9,3.5,88,8.2,2.2,6.3,0.8,5.5,0.0,62,4.9,4.5,8.8,1.8,7.0,0.5,70,7.5,6.2,8.3,4.7,3.6,0.7,79,8.9,2.8,8.0,-0.6,8.6,0.0,48,3.9,4.6,9.7,1.8,7.9,3.5,78,4.6,96
2019-01-13,1.8,9.4,-2.9,12.3,0.0,79,3.8,1.3,6.5,-2.7,9.2,0.0,67,0.0,1.8,8.4,-2.8,11.2,0.0,67,0.0,6.8,12.5,3.2,9.3,0.0,56,2.6,1.2,7.6,-3.0,10.6,0.0,54,0.0,3.3,8.8,-0.1,8.9,0.0,66,0.0,115
2019-01-14,2.0,9.2,-3.9,13.1,0.0,63,3.8,1.7,4.4,-1.2,5.6,0.0,81,7.1,1.7,6.1,-1.6,7.7,0.0,73,7.1,7.3,13.5,2.4,11.1,0.0,44,3.0,1.4,5.3,-2.4,7.7,0.0,69,4.5,2.3,9.3,-2.2,11.5,0.0,72,3.0,166
2019-01-15,2.6,7.7,-2.5,10.2,0.0,52,5.8,-1.9,2.4,-6.3,8.7,0.0,67,3.6,-0.1,5.6,-4.9,10.5,0.3,73,6.6,5.6,10.4,1.4,9.0,0.0,42,6.0,-1.7,2.6,-7.2,9.8,0.0,59,3.8,2.0,7.2,-1.9,9.1,0.0,71,8.2,134
2019-01-16,-2.0,2.6,-5.5,8.1,0.0,35,1.6,-5.0,-2.0,-9.0,7.0,0.6,51,4.2,-3.9,1.3,-8.5,9.8,0.0,57,3.5,0.0,5.6,-4.4,10.0,0.0,29,1.5,-5.3,-1.1,-10.1,9.0,0.0,46,4.1,-2.1,2.4,-5.9,8.3,0.0,51,2.2,46
2019-01-17,1.5,5.7,-2.7,8.4,0.0,47,5.2,0.6,3.1,-2.2,5.3,0.1,48,1.6,0.0,4.5,-2.5,7.0,0.0,73,5.4,2.4,7.6,-2.0,9.6,0.0,44,0.9,-0.3,4.0,-3.2,7.2,0.0,46,1.8,1.1,6.6,-2.9,9.5,0.0,64,4.6,43
2019-01-18,2.5,8.9,-2.9,11.8,0.0,46,1.6,1.3,6.1,-3.3,9.4,0.0,52,2.0,0.8,8.0,-4.8,12.8,0.0,71,3.2,5.5,10.8,1.1,9.7,0.0,30,2.1,0.5,6.7,-4.6,11.3,0.0,44,3.0,2.4,9.2,-3.0,12.2,0.0,71,1.4,61
2019-01-19,4.5,10.2,-1.3,11.5,0.0,46,8.4,3.8,8.5,0.8,7.7,0.0,72,6.6,3.2,7.6,-1.9,9.5,0.0,67,7.9,7.5,12.2,4.2,8.0,0.5,49,8.0,3.6,8.5,0.0,8.5,0.0,60,7.8,3.6,8.5,-0.8,9.3,1.9,71,8.0,96
2019-01-20,3.4,6.9,-1.4,8.3,0.5,39,2.5,-1.4,3.1,-4.6,7.7,0.0,46,0.6,1.3,4.2,-2.8,7.0,0.0,51,2.1,5.5,10.6,0.5,10.1,0.2,46,2.0,-1.4,4.0,-5.5,9.5,0.0,39,1.1,2.2,4.9,-0.7,5.6,0.3,64,3.0,66
2019-01-21,1.9,8.2,-3.4,11.6,0.0,39,0.0,0.5,4.8,-4.5,9.3,0.0,63,3.1,0.2,6.8,-6.2,13.0,0.0,63,1.8,2.8,7.9,-2.3,10.2,0.0,35,0.0,-1.2,4.2,-6.7,10.9,0.0,58,4.1,2.1,8.0,-2.1,10.1,0.0,60,2.0,45
2019-01-22,3.9,9.7,-2.4,12.1,0.0,46,0.0,3.4,7.1,0.1,7.0,0.0,71,0.6,3.3,8.7,-1.6,10.3,0.0,66,1.8,5.5,10.6,0.9,9.7,0.0,44,0.0,1.7,7.1,-3.3,10.4,0.0,62,1.1,3.4,10.0,-2.2,12.2,0.0,64,1.2,67
2019-01-23,4.2,11.1,-3.0,14.1,0.0,41,0.0,2.7,6.5,-0.4,6.9,0.0,58,0.0,2.8,9.5,-1.5,11.0,0.0,58,0.2,6.5,10.7,2.1,8.6,0.0,44,0.0,2.0,7.0,-0.8,7.8,0.0,49,0.9,4.4,10.0,0.6,9.4,0.0,62,1.4,74
2019-01-24,2.8,9.7,-3.3,13.0,0.0,29,0.0,0.2,4.3,-3.1,7.4,0.0,42,0.8,0.9,8.7,-5.6,14.3,0.0,43,0.0,5.7,11.6,1.5,10.1,0.0,30,0.0,0.1,6.5,-4.6,11.1,0.0,35,2.1,2.8,9.9,-1.7,11.6,0.0,37,0.0,41
2019-01-25,1.1,6.7,-3.2,9.9,0.0,36,3.8,-1.1,1.3,-3.1,4.4,0.0,38,0.8,-0.9,5.3,-4.5,9.8,0.0,49,1.6,4.2,7.9,-0.1,8.0,0.0,25,4.8,-1.2,2.6,-3.8,6.4,0.0,28,1.2,0.9,5.8,-1.9,7.7,0.0,55,6.5,51
2019-01-26,-0.3,4.6,-3.5,8.1,0.0,25,0.0,-2.5,1.6,-5.6,7.2,0.0,39,0.0,-2.3,4.0,-6.4,10.4,0.0,42,0.0,1.0,6.3,-2.6,8.9,0.0,25,0.0,-2.6,2.4,-6.5,8.9,0.0,31,0.0,-0.5,3.8,-3.1,6.9,0.0,46,1.4,43
2019-01-27,0.7,8.0,-7.2,15.2,0.0,35,0.6,0.8,4.1,-4.4,8.5,0.0,60,4.6,-0.4,7.3,-8.3,15.6,0.0,59,1.8,3.9,9.0,-0.7,9.7,0.0,29,0.2,-0.1,5.1,-6.6,11.7,0.0,53,4.2,0.9,7.7,-5.3,13.0,0.0,61,1.2,36
2019-01-28,3.0,8.7,-1.9,10.6,0.0,36,2.9,1.2,4.2,-2.1,6.3,0.0,46,1.5,2.3,6.6,-2.3,8.9,0.8,61,3.0,5.3,10.9,2.0,8.9,0.0,37,2.8,1.2,4.5,-2.4,6.9,0.0,40,1.2,3.4,8.5,-0.1,8.6,0.0,57,4.4,85
2019-01-29,1.6,9.2,-5.4,14.6,0.0,40,1.2,0.0,4.0,-3.8,7.8,0.0,45,3.6,0.1,8.3,-6.9,15.2,0.0,50,1.6,5.2,11.4,-0.6,12.0,0.0,46,0.8,-0.2,7.0,-5.6,12.6,0.0,36,2.1,2.1,9.7,-3.3,13.0,0.0,42,0.0,67
2019-01-30,5.2,12.5,-2.0,14.5,0.0,34,5.2,1.7,6.1,-1.2,7.3,0.0,70,6.4,2.7,9.1,-4.0,13.1,0.0,56,5.9,8.6,13.7,5.4,8.3,0.0,36,7.6,1.8,6.6,-2.8,9.4,0.0,55,6.9,4.1,10.5,-0.5,11.0,0.0,46,8.8,63
2019-01-31,1.4,6.8,-2.3,9.1,5.5,66,7.6,-2.4,1.6,-5.0,6.6,0.0,33,7.8,0.6,3.6,-4.7,8.3,0.0,55,7.1,2.2,8.9,-1.5,10.4,11.3,73,7.0,-2.1,2.3,-6.2,8.5,0.0,29,7.0,0.4,4.6,-1.7,6.3,10.3,82,7.0,72
2019-02-01,0.0,4.9,-4.4,9.3,0.0,45,0.8,-0.9,2.7,-5.2,7.9,0.0,52,2.0,-1.3,3.9,-6.7,10.6,0.0,66,3.0,0.4,5.5,-4.2,9.7,0.0,52,1.9,-2.1,2.8,-7.4,10.2,0.3,48,3.0,-0.2,4.8,-3.9,8.7,0.0,68,4.5,39
2019-02-02,3.0,8.8,-3.3,12.1,0.0,51,2.4,2.9,7.2,-1.8,9.0,0.0,61,8.0,1.7,8.8,-4.9,13.7,0.0,70,6.6,4.2,8.3,-1.3,9.6,0.0,55,2.5,1.4,6.1,-3.2,9.3,0.0,60,7.5,3.8,9.6,-2.9,12.5,0.0,72,5.8,59
2019-02-03,5.0,8.5,1.7,6.8,6.0,86,9.4,3.1,4.7,0.6,4.1,19.5,94,8.4,5.0,8.7,3.2,5.5,27.1,93,9.1,11.6,14.9,7.4,7.5,21.4,85,9.9,3.3,4.9,2.0,2.9,16.0,93,9.2,7.3,11.1,5.4,5.7,17.3,98,10.0,39
2019-02-04,4.1,7.9,0.2,7.7,0.0,29,2.0,-0.7,1.8,-2.2,4.0,0.0,43,2.9,1.3,6.5,-2.2,8.7,0.0,52,1.6,6.8,10.5,3.4,7.1,0.0,29,4.1,-0.6,3.0,-3.3,6.3,0.0,40,2.4,4.0,8.3,0.0,8.3,0.0,38,3.4,72
2019-02-05,3.3,11.2,-4.2,15.4,0.0,41,4.1,3.6,8.8,-2.1,10.9,0.0,39,4.0,3.2,12.0,-4.3,16.3,0.0,50,3.9,8.0,13.0,2.5,10.5,0.0,40,2.8,2.8,10.1,-3.6,13.7,0.0,37,3.9,5.4,12.6,-1.4,14.0,0.0,46,3.5,85
2019-02-06,6.6,15.0,-1.0,16.0,0.0,40,5.0,5.3,9.9,1.9,8.0,0.0,63,7.9,6.1,13.5,-1.2,14.7,0.0,69,7.4,10.5,15.5,6.6,8.9,0.0,46,5.4,5.1,9.3,0.1,9.2,0.0,55,8.1,7.3,13.6,1.6,12.0,0.0,62,7.2,96
2019-02-07,3.9,8.7,-1.7,10.4,0.0,41,7.0,-2.9,5.0,-8.3,13.3,0.0,49,4.6,1.8,7.6,-5.1,12.7,0.0,56,6.2,8.3,13.4,1.5,11.9,0.0,45,6.6,-2.1,6.3,-8.2,14.5,0.5,46,4.2,2.5,6.6,-3.6,10.2,0.0,59,7.4,61
2019-02-08,-0.1,5.3,-4.0,9.3,0.0,27,6.0,-6.8,-3.6,-10.4,6.8,0.0,38,5.9,-3.3,2.1,-7.5,9.6,0.0,40,6.9,3.2,9.0,-1.4,10.4,0.0,40,5.4,-6.1,-1.3,-10.2,8.9,0.0,32,6.1,-0.9,4.7,-4.4,9.1,0.0,35,8.1,32
2019-02-09,0.1,3.0,-1.5,4.5,0.0,23,5.5,-5.2,-2.8,-7.3,4.5,0.0,37,5.0,-2.7,1.7,-5.3,7.0,0.0,47,5.1,2.5,5.6,0.2,5.4,0.0,29,8.0,-5.5,-1.9,-8.6,6.7,0.0,30,4.4,-1.2,2.0,-2.7,4.7,0.0,47,6.2,36
2019-02-10,1.0,4.5,-4.5,9.0,0.0,29,7.8,-5.2,-2.9,-8.1,5.2,0.0,38,7.9,-2.4,2.2,-7.0,9.2,0.0,37,8.4,4.0,9.7,-1.3,11.0,0.0,48,7.0,-5.0,-1.9,-9.1,7.2,0.0,31,7.5,-1.2,3.8,-4.9,8.7,0.0,36,8.6,42
2019-02-11,0.6,4.7,-2.9,7.6,0.0,28,1.1,-2.6,1.0,-6.3,7.3,0.0,40,0.0,-1.7,4.1,-6.1,10.2,0.0,48,0.0,2.9,6.8,0.0,6.8,0.0,30,3.5,-3.0,2.0,-7.5,9.5,0.0,35,0.4,-0.1,3.9,-2.1,6.0,0.0,51,4.2,39
2019-02-12,1.5,6.5,-4.7,11.2,0.0,37,3.8,-0.8,2.2,-3.3,5.5,0.0,47,7.0,-0.3,5.4,-6.2,11.6,0.0,55,6.0,4.0,9.4,-0.5,9.9,0.0,33,3.2,-0.6,3.7,-4.1,7.8,0.0,36,5.6,1.5,8.1,-4.3,12.4,0.0,56,3.9,59
2019-02-13,2.6,6.2,-1.2,7.4,0.0,28,3.2,-2.4,1.1,-4.8,5.9,0.0,33,2.6,-0.4,4.9,-3.9,8.8,0.0,44,3.0,4.6,9.0,1.2,7.8,0.0,32,2.2,-2.1,2.5,-5.7,8.2,0.0,27,1.8,1.9,6.8,-1.9,8.7,0.0,46,4.5,39
2019-02-14,2.1,6.5,-1.3,7.8,0.0,52,7.4,-1.8,2.8,-5.6,8.4,0.0,37,7.2,1.4,8.1,-3.3,11.4,0.0,41,6.2,5.2,11.3,2.0,9.3,0.0,55,5.9,-0.5,6.3,-5.9,12.2,0.0,24,5.2,2.3,9.2,-1.5,10.7,0.0,36,5.9,53
2019-02-15,4.1,9.9,0.7,9.2,0.0,54,8.4,-1.0,1.2,-2.8,4.0,2.6,81,8.8,1.7,4.7,-0.6,5.3,0.0,60,9.9,6.3,8.8,4.0,4.8,1.3,63,8.4,-0.8,0.9,-2.9,3.8,2.2,73,9.1,2.5,6.3,-0.2,6.5,0.0,57,9.6,39
2019-02-16,0.9,3.4,-1.4,4.8,0.0,46,5.6,-2.4,0.0,-4.5,4.5,0.0,62,2.5,-0.8,2.8,-3.5,6.3,0.1,65,5.5,3.2,7.5,0.4,7.1,0.0,43,5.9,-2.7,1.5,-5.1,6.6,0.2,59,2.4,0.3,2.9,-1.6,4.5,0.0,60,7.8,59
2019-02-17,1.8,7.6,-3.2,10.8,0.0,32,1.4,-1.2,2.8,-4.9,7.7,0.0,56,0.2,-0.7,6.8,-6.5,13.3,0.0,56,0.8,3.2,9.5,-1.7,11.2,0.0,31,1.8,-1.8,4.6,-6.8,11.4,0.0,47,0.1,1.1,6.7,-2.8,9.5,0.0,48,1.8,36
2019-02-18,4.9,9.2,-1.8,11.0,0.0,27,9.0,0.6,4.0,-3.3,7.3,0.0,57,7.5,1.9,6.8,-4.5,11.3,0.1,53,8.2,6.5,10.5,2.2,8.3,0.0,28,9.2,0.8,5.9,-4.7,10.6,0.0,44,7.4,2.6,6.3,-1.6,7.9,0.6,51,9.5,42
2019-02-19,3.6,6.3,1.6,4.7,19.5,87,7.9,1.3,3.7,-0.1,3.8,4.5,87,8.8,2.2,4.1,-0.1,4.2,18.8,94,8.6,7.1,10.4,5.4,5.0,28.8,90,7.6,1.4,3.0,0.2,2.8,4.6,81,9.4,3.9,7.0,0.9,6.1,18.5,96,7.5,43
2019-02-20,3.8,7.4,1.3,6.1,0.0,57,5.1,2.0,4.7,0.4,4.3,0.0,72,5.6,1.9,6.1,-0.7,6.8,0.0,81,5.6,5.6,10.3,2.0,8.3,0.0,54,2.6,1.7,4.5,-0.1,4.6,0.0,68,6.5,3.4,8.2,0.5,7.7,0.0,73,6.0,62
2019-02-21,3.7,10.2,-2.4,12.6,0.0,60,2.5,2.1,6.4,-1.2,7.6,0.0,63,0.4,2.1,8.5,-3.3,11.8,0.0,72,3.5,6.9,12.7,1.5,11.2,0.0,57,5.6,2.4,9.0,-2.6,11.6,0.0,59,0.0,4.2,10.9,-1.2,12.1,0.0,63,3.1,77
2019-02-22,6.0,12.4,-0.3,12.7,0.0,54,7.4,3.1,8.4,-0.7,9.1,0.0,67,6.2,3.6,9.9,-1.5,11.4,0.0,66,6.8,9.0,14.1,5.3,8.8,0.0,60,7.9,3.9,10.8,-1.6,12.4,0.0,56,5.4,5.4,11.4,0.9,10.5,0.0,61,6.2,73
2019-02-23,5.6,12.6,-0.7,13.3,0.0,65,3.6,6.3,13.2,1.0,12.2,0.0,55,3.5,5.5,14.2,-1.9,16.1,0.0,59,3.4,9.2,15.2,6.5,8.7,0.0,55,6.0,6.8,14.5,0.5,14.0,0.0,41,2.9,7.2,15.6,0.2,15.4,0.0,56,5.1,56
2019-02-24,6.9,15.7,-1.2,16.9,0.0,56,1.1,5.2,11.0,1.8,9.2,0.0,66,3.0,6.7,15.1,-0.8,15.9,0.0,63,1.8,9.0,13.8,4.6,9.2,0.0,54,1.6,6.3,13.7,1.2,12.5,0.0,45,1.6,8.0,15.4,1.7,13.7,0.0,61,1.4,65
2019-02-25,9.2,15.2,3.6,11.6,0.0,49,2.8,3.6,8.6,0.8,7.8,0.0,68,4.9,5.7,12.9,0.9,12.0,0.0,58,1.9,10.8,16.2,6.4,9.8,0.0,51,2.8,4.7,10.2,1.3,8.9,0.0,56,4.8,6.6,13.9,1.5,12.4,0.0,57,3.1,82
2019-02-26,8.1,14.5,1.2,13.3,0.0,52,3.2,4.7,9.8,0.0,9.8,0.0,46,4.1,5.3,12.7,-2.4,15.1,0.0,46,3.6,10.9,16.0,6.5,9.5,0.0,58,4.2,5.2,12.0,-1.5,13.5,0.0,33,3.6,6.8,13.8,0.0,13.8,0.0,44,3.1,53
2019-02-27,9.1,13.3,6.3,7.0,0.2,68,9.6,6.0,11.2,3.7,7.5,0.0,49,8.0,6.6,9.8,4.2,5.6,0.2,66,9.5,10.4,13.0,8.8,4.2,0.0,63,9.8,7.8,14.0,4.7,9.3,0.0,31,7.5,8.0,13.3,4.6,8.7,0.6,74,9.8,71
2019-02-28,9.0,15.4,3.9,11.5,0.5,61,5.6,5.5,10.7,2.2,8.5,0.0,63,3.4,6.7,13.4,0.7,12.7,0.0,67,5.8,10.6,16.5,7.5,9.0,0.0,63,6.0,6.6,12.8,2.0,10.8,0.0,40,3.2,8.1,14.4,4.1,10.3,0.0,59,5.9,90
2019-03-01,8.4,15.3,2.2,13.1,0.0,43,0.9,5.5,10.3,2.0,8.3,0.0,65,0.6,6.1,13.7,0.0,13.7,0.0,60,4.0,10.5,16.1,7.0,9.1,0.0,48,3.1,6.6,13.0,1.2,11.8,0.0,42,0.2,6.7,14.3,1.0,13.3,0.0,56,3.6,120
2019-03-02,8.0,15.0,0.4,14.6,0.0,58,5.6,6.7,11.6,1.9,9.7,0.0,57,7.0,7.4,16.0,-0.9,16.9,0.0,52,4.8,10.7,15.5,7.1,8.4,0.0,55,5.1,7.8,14.7,1.3,13.4,0.0,38,5.8,9.6,17.1,2.1,15.0,0.0,52,7.0,121
2019-03-03,10.0,15.2,4.4,10.8,0.0,53,8.9,7.9,13.5,3.0,10.5,0.0,49,5.9,9.0,15.5,1.4,14.1,0.0,51,6.0,11.5,15.4,9.5,5.9,0.0,53,9.6,9.4,16.1,2.5,13.6,0.0,36,4.8,11.2,14.4,7.9,6.5,0.0,55,9.8,110
2019-03-04,10.9,16.9,5.9,11.0,0.0,50,3.9,7.8,13.3,5.4,7.9,0.0,64,3.8,10.0,16.4,5.5,10.9,0.0,53,3.6,11.4,16.9,8.8,8.1,0.0,53,4.8,9.9,16.3,5.0,11.3,0.0,46,2.2,9.3,15.0,6.1,8.9,0.0,55,3.9,169
2019-03-05,10.1,16.2,2.3,13.9,0.0,53,4.5,6.8,10.7,5.0,5.7,0.0,83,9.6,8.7,14.0,2.8,11.2,0.0,62,8.1,12.0,16.0,7.9,8.1,0.0,55,6.1,8.3,12.9,5.6,7.3,0.0,66,8.6,9.0,14.2,2.6,11.6,0.0,61,5.1,186
2019-03-06,11.2,14.8,8.8,6.0,0.0,50,8.0,7.0,10.8,4.9,5.9,0.0,71,6.0,9.7,15.4,5.8,9.6,0.0,58,5.4,10.7,13.8,8.8,5.0,1.1,67,7.4,8.4,12.4,5.7,6.7,0.0,55,6.2,10.0,15.7,5.7,10.0,0.0,62,6.5,141
2019-03-07,8.7,12.5,5.3,7.2,0.2,56,4.8,6.4,11.0,2.8,8.2,0.0,55,0.2,7.1,13.2,3.0,10.2,0.0,67,3.6,9.7,14.0,7.3,6.7,0.0,58,4.2,7.0,12.7,3.1,9.6,0.0,51,1.5,6.5,12.2,3.2,9.0,0.0,72,1.1,57
2019-03-08,8.5,16.2,0.5,15.7,0.0,53,0.0,5.0,10.5,1.2,9.3,0.0,57,0.4,7.0,15.5,-0.6,16.1,0.0,56,0.6,10.5,14.5,5.6,8.9,0.0,62,0.6,6.1,13.4,0.6,12.8,0.0,39,0.1,7.0,16.6,-0.1,16.7,0.0,58,0.0,47
2019-03-09,10.9,18.1,1.9,16.2,0.0,46,6.5,6.3,12.1,1.1,11.0,0.0,53,6.2,8.2,17.3,-1.4,18.7,0.0,41,6.6,11.8,15.4,7.4,8.0,0.0,58,4.9,7.2,14.9,-0.4,15.3,0.0,32,5.4,9.2,17.2,0.9,16.3,0.0,58,5.6,45
2019-03-10,8.5,11.9,6.3,5.6,7.5,76,8.8,9.0,14.4,6.1,8.3,0.0,38,7.2,7.9,11.3,3.7,7.6,0.1,60,7.5,8.4,12.2,6.7,5.5,29.7,88,9.1,10.1,15.3,6.7,8.6,0.0,26,7.1,8.3,11.2,5.4,5.8,9.9,93,7.4,52
2019-03-11,8.2,14.4,2.1,12.3,0.5,69,6.1,5.1,6.7,3.6,3.1,0.1,81,5.4,5.7,9.8,0.6,9.2,0.8,84,7.8,9.8,14.5,5.8,8.7,0.0,60,3.4,6.6,10.0,3.5,6.5,0.0,61,4.9,6.1,10.9,2.4,8.5,0.9,91,8.2,71
2019-03-12,8.3,16.0,1.7,14.3,0.5,56,4.0,4.3,7.4,1.6,5.8,0.0,62,5.4,4.4,11.1,-0.3,11.4,0.5,78,5.6,9.4,14.8,4.5,10.3,0.1,53,2.0,3.9,7.9,-0.3,8.2,0.0,55,4.9,5.9,12.4,1.5,10.9,0.1,76,6.6,83
2019-03-13,5.2,10.0,1.0,9.0,0.0,30,1.6,3.8,6.9,1.7,5.2,0.0,45,0.9,3.7,9.2,-1.8,11.0,0.0,44,1.1,5.5,11.4,0.5,10.9,0.0,31,1.6,3.5,8.5,-0.4,8.9,0.0,39,1.8,5.0,10.0,0.5,9.5,0.0,41,0.8,42
2019-03-14,6.8,13.2,-1.5,14.7,0.0,30,2.5,5.3,8.8,0.1,8.7,0.0,58,4.5,5.9,12.2,-2.6,14.8,0.0,49,3.8,8.0,12.1,2.7,9.4,0.0,32,1.5,5.0,10.0,-1.7,11.7,0.0,45,5.5,6.9,14.1,0.0,14.1,0.0,50,1.0,42
2019-03-15,6.8,13.3,4.0,9.3,1.0,52,8.0,5.2,11.0,2.5,8.5,1.5,80,7.1,6.9,12.0,2.0,10.0,1.1,71,6.8,8.2,13.3,3.6,9.7,4.0,56,4.0,5.5,11.3,1.6,9.7,3.5,73,7.4,7.5,13.3,3.9,9.4,0.9,70,7.9,56
2019-03-16,7.6,13.2,3.0,10.2,0.0,48,1.9,4.7,8.0,1.3,6.7,0.0,75,5.1,6.0,11.1,2.1,9.0,0.0,68,6.9,7.7,12.6,2.5,10.1,0.0,56,0.0,4.3,9.2,0.2,9.0,0.0,70,5.5,7.3,13.9,3.8,10.1,0.0,62,3.0,41
2019-03-17,8.5,14.1,4.3,9.8,0.0,43,1.5,6.0,11.0,3.3,7.7,0.0,69,1.4,7.3,14.1,2.6,11.5,0.0,56,2.8,9.9,15.4,5.4,10.0,0.0,48,0.2,6.3,12.4,2.6,9.8,0.0,55,2.0,8.1,14.3,3.1,11.2,0.0,49,2.0,37
2019-03-18,9.0,16.9,0.6,16.3,0.0,50,7.5,6.5,10.4,2.3,8.1,0.0,54,6.6,7.1,14.5,-0.6,15.1,0.0,46,7.9,11.5,14.4,8.1,6.3,0.0,58,8.2,7.1,14.4,1.4,13.0,0.0,44,6.2,8.7,14.9,1.5,13.4,0.0,46,6.2,39
2019-03-19,13.5,21.2,4.3,16.9,0.0,44,1.6,8.2,12.5,4.4,8.1,0.0,68,2.6,10.6,19.6,1.5,18.1,0.0,55,1.1,13.9,19.3,9.2,10.1,0.0,49,1.8,10.0,16.7,3.4,13.3,0.0,52,1.4,11.1,19.4,3.4,16.0,0.0,62,1.2,67
2019-03-20,12.6,18.1,7.0,11.1,6.0,61,8.9,10.1,13.5,6.5,7.0,16.4,85,9.2,10.9,16.4,6.3,10.1,17.7,80,9.2,13.8,17.2,11.2,6.0,33.7,70,9.0,10.2,14.6,7.1,7.5,16.5,79,8.8,12.5,16.7,7.7,9.0,20.6,80,9.6,94
2019-03-21,13.5,18.2,6.4,11.8,0.0,62,7.6,6.6,10.4,2.3,8.1,4.7,80,7.1,8.5,13.7,2.7,11.0,2.6,84,9.1,15.6,21.0,10.6,10.4,5.7,64,7.8,7.1,11.1,1.9,9.2,3.3,77,7.9,8.1,15.4,4.1,11.3,0.0,87,10.0,34
2019-03-22,7.2,12.9,3.7,9.2,0.0,40,5.2,3.4,7.3,0.0,7.3,0.0,44,1.0,4.4,10.6,0.3,10.3,0.0,56,2.9,9.4,14.4,5.4,9.0,0.0,48,3.0,3.3,8.3,-0.7,9.0,0.0,41,0.8,5.1,10.3,2.6,7.7,0.0,56,5.5,36
2019-03-23,6.0,13.1,3.1,10.0,0.5,43,3.9,3.8,7.4,1.3,6.1,2.6,55,2.6,3.2,9.7,-1.2,10.9,6.2,66,2.6,7.0,13.5,3.7,9.8,0.0,37,4.2,3.3,8.2,-0.4,8.6,1.7,47,3.0,4.8,11.1,1.2,9.9,0.1,51,3.5,24
2019-03-24,6.6,13.7,-0.3,14.0,0.0,39,0.2,4.8,7.9,1.7,6.2,0.0,58,1.1,4.5,11.2,-1.9,13.1,0.0,60,0.6,6.8,11.1,2.0,9.1,0.0,45,0.0,4.3,9.7,-0.8,10.5,0.0,45,0.1,5.3,12.5,-0.6,13.1,0.0,49,0.2,27
2019-03-25,9.3,15.6,1.1,14.5,0.0,42,5.2,7.4,11.3,3.4,7.9,0.0,66,6.4,7.2,14.4,0.2,14.2,0.0,62,3.2,8.7,11.8,4.5,7.3,0.0,42,6.5,7.3,11.5,2.9,8.6,0.0,56,6.6,7.4,14.4,1.3,13.1,0.0,64,5.0,47
2019-03-26,11.7,19.9,3.6,16.3,0.0,44,0.0,9.4,13.9,7.0,6.9,0.0,73,3.0,11.9,19.5,4.3,15.2,0.0,55,1.5,13.6,20.7,7.2,13.5,0.0,45,0.5,11.4,17.6,7.4,10.2,0.0,51,2.6,12.1,20.6,5.0,15.6,0.0,59,2.8,58
2019-03-27,15.0,24.2,4.6,19.6,0.0,35,3.8,9.5,13.5,6.0,7.5,0.0,81,8.4,14.3,21.0,10.4,10.6,0.0,61,6.0,14.8,18.7,12.3,6.4,0.0,49,4.0,11.6,16.2,8.9,7.3,0.0,66,8.5,14.0,19.6,7.7,11.9,0.0,62,5.0,94
2019-03-28,12.1,16.2,8.3,7.9,0.0,62,6.8,7.8,12.4,4.6,7.8,0.0,62,6.6,12.0,18.1,7.3,10.8,0.0,56,7.5,12.8,16.1,10.7,5.4,0.0,67,6.9,9.4,14.6,5.6,9.0,0.0,50,6.1,12.9,20.7,8.7,12.0,0.0,57,6.9,81
2019-03-29,12.5,19.4,6.3,13.1,0.0,60,7.0,7.9,11.4,5.6,5.8,0.0,43,5.0,11.6,18.4,6.2,12.2,0.0,45,6.2,13.9,17.1,10.5,6.6,0.0,73,6.9,9.2,15.1,5.5,9.6,0.0,33,4.6,12.2,20.0,5.9,14.1,0.0,43,4.5,39
2019-03-30,9.2,14.3,5.1,9.2,4.5,60,6.9,5.0,7.8,3.5,4.3,3.1,79,9.0,6.1,10.3,4.2,6.1,4.7,73,8.1,11.6,16.1,5.6,10.5,1.1,62,5.9,5.2,8.4,3.5,4.9,1.8,72,9.4,7.5,13.0,4.0,9.0,1.4,67,6.5,35
2019-03-31,6.7,11.1,4.5,6.6,0.0,40,5.0,4.8,7.9,3.0,4.9,0.0,52,5.1,5.5,9.7,2.8,6.9,0.0,48,5.6,7.7,13.5,4.4,9.1,0.0,38,2.6,4.4,8.4,2.6,5.8,0.0,46,5.1,5.9,9.7,3.4,6.3,0.0,39,2.9,42
2019-04-01,7.1,11.8,2.4,9.4,0.0,35,2.1,6.0,9.9,3.4,6.5,0.0,48,2.8,6.1,11.3,0.5,10.8,0.0,45,3.2,7.7,14.1,2.1,12.0,0.0,31,2.4,5.5,11.3,0.3,11.0,0.0,40,1.2,7.5,12.8,2.3,10.5,0.0,50,1.6,24
2019-04-02,8.1,14.8,0.2,14.6,0.0,34,0.1,6.7,11.2,3.3,7.9,0.0,52,0.1,6.6,14.4,-1.1,15.5,0.0,40,0.6,9.4,15.0,4.5,10.5,0.0,39,0.2,6.7,13.0,1.3,11.7,0.0,37,0.2,8.2,14.3,3.3,11.0,0.0,41,0.6,32
2019-04-03,9.8,16.3,1.8,14.5,0.0,26,0.0,7.3,11.8,3.9,7.9,0.0,60,0.4,7.6,14.9,-0.2,15.1,0.0,43,0.2,9.8,13.9,5.7,8.2,0.0,32,0.0,7.6,13.6,1.9,11.7,0.0,36,0.2,7.7,15.4,2.0,13.4,0.0,44,0.0,38
2019-04-04,13.1,21.5,5.9,15.6,0.0,22,1.9,8.0,11.9,4.1,7.8,0.0,67,0.2,9.2,17.3,1.1,16.2,0.0,46,1.2,12.1,17.4,6.0,11.4,0.0,33,2.6,9.2,15.7,3.0,12.7,0.0,43,0.0,9.6,19.2,0.9,18.3,0.0,48,2.9,35
2019-04-05,15.2,22.0,7.6,14.4,0.0,27,1.6,10.5,14.8,6.9,7.9,0.0,57,3.5,11.6,18.6,7.7,10.9,0.0,54,3.1,13.9,18.0,10.1,7.9,0.0,48,2.1,11.4,17.2,7.0,10.2,0.0,41,3.0,11.8,19.6,7.1,12.5,0.0,54,4.1,78
2019-04-06,15.6,23.8,7.4,16.4,0.0,26,0.0,9.4,10.9,6.5,4.4,0.0,54,8.9,12.5,20.6,2.8,17.8,0.0,40,3.6,14.4,18.4,10.4,8.0,0.0,59,0.0,9.3,12.2,5.9,6.3,0.8,40,8.5,13.4,22.3,4.1,18.2,0.0,44,0.5,59
2019-04-07,13.1,18.5,9.6,8.9,0.2,57,8.1,11.7,17.8,5.8,12.0,0.0,50,5.0,14.2,20.7,9.3,11.4,0.8,39,7.6,12.4,15.9,9.9,6.0,13.2,76,7.4,12.6,20.3,5.6,14.7,0.0,43,4.4,12.6,14.5,11.5,3.0,8.9,95,8.0,37
2019-04-08,13.1,21.4,6.5,14.9,0.0,44,2.4,10.7,15.4,7.8,7.6,0.0,36,3.8,12.6,19.4,4.9,14.5,0.0,34,2.9,13.1,18.3,9.5,8.8,0.0,65,4.0,11.6,17.2,7.6,9.6,0.0,26,3.2,13.6,20.4,7.6,12.8,0.0,54,4.8,37
2019-04-09,9.1,15.7,5.2,10.5,19.0,59,8.0,9.8,14.1,5.1,9.0,14.9,52,9.6,10.4,16.5,5.0,11.5,31.3,55,9.5,11.2,15.8,8.4,7.4,8.3,59,7.4,9.2,13.9,4.7,9.2,17.4,49,9.4,10.7,17.2,7.5,9.7,36.2,72,9.4,25
2019-04-10,7.9,10.0,5.1,4.9,9.0,79,9.5,7.1,10.0,5.2,4.8,3.8,86,7.8,7.9,10.6,4.9,5.7,4.9,77,9.6,9.7,12.9,7.9,5.0,6.9,74,9.4,7.1,10.2,4.7,5.5,5.6,78,8.2,7.9,10.0,6.2,3.8,2.5,93,9.8,7
2019-04-11,10.5,15.1,5.9,9.2,0.0,64,8.0,9.0,13.4,5.6,7.8,0.0,74,5.4,10.3,15.8,4.3,11.5,0.0,66,6.9,10.2,14.2,6.8,7.4,0.0,61,6.6,9.5,15.7,4.3,11.4,0.0,58,4.6,10.1,15.3,5.5,9.8,0.0,68,7.9,28
2019-04-12,12.8,19.6,6.9,12.7,0.0,50,3.8,9.9,14.8,6.2,8.6,0.0,70,1.6,12.1,19.0,5.1,13.9,0.0,53,2.2,11.8,16.4,7.4,9.0,2.5,59,4.8,11.3,18.4,5.5,12.9,0.0,49,1.8,11.5,18.1,5.6,12.5,0.0,53,2.0,51
2019-04-13,13.3,20.5,5.5,15.0,0.0,45,6.1,11.1,16.2,6.7,9.5,0.0,43,6.6,12.2,19.9,4.7,15.2,0.0,45,5.8,13.5,17.2,9.2,8.0,0.0,51,5.2,11.8,17.9,6.2,11.7,0.0,34,5.6,12.4,19.8,6.1,13.7,0.0,45,7.2,46
2019-04-14,12.5,16.6,9.3,7.3,0.0,44,6.1,9.6,12.5,7.5,5.0,2.4,57,5.1,10.5,15.4,6.9,8.5,0.5,58,5.9,13.3,15.6,10.6,5.0,0.0,51,6.4,9.6,13.6,6.9,6.7,1.7,46,6.0,10.9,14.6,7.5,7.1,0.5,69,6.6,39
2019-04-15,14.2,22.1,4.2,17.9,0.0,28,0.0,11.1,14.8,7.0,7.8,0.0,48,0.0,11.6,20.5,2.9,17.6,0.0,50,0.0,12.7,17.9,7.9,10.0,0.0,40,0.0,11.6,18.1,3.9,14.2,0.0,31,0.0,11.9,20.7,4.4,16.3,0.0,43,0.4,52
2019-04-16,17.0,25.3,7.3,18.0,0.0,26,5.5,14.0,20.0,8.1,11.9,0.0,32,4.9,14.6,23.8,4.0,19.8,0.0,39,4.8,16.0,21.2,10.3,10.9,0.0,37,4.9,14.9,22.6,6.8,15.8,0.0,26,4.8,15.2,23.9,6.0,17.9,0.0,35,6.1,47
2019-04-17,18.0,24.5,11.8,12.7,0.0,34,4.5,14.2,19.0,10.2,8.8,0.0,56,3.5,17.2,25.0,10.0,15.0,0.0,42,2.1,18.0,23.4,14.3,9.1,0.0,44,4.8,15.3,21.8,9.1,12.7,0.0,38,3.9,15.7,20.9,12.4,8.5,0.0,61,6.0,40
2019-04-18,18.9,27.1,11.0,16.1,0.0,45,3.8,11.5,14.8,9.7,5.1,0.0,89,7.9,15.7,21.6,9.6,12.0,0.0,66,5.9,16.4,20.0,14.2,5.8,0.0,61,2.6,12.6,16.2,10.4,5.8,0.0,74,6.2,16.3,23.5,9.4,14.1,0.0,68,2.2,41
2019-04-19,12.0,17.5,10.5,7.0,0.0,59,9.5,13.6,18.8,9.9,8.9,0.0,66,5.6,14.5,18.5,11.5,7.0,0.2,76,7.5,13.8,16.8,10.1,6.7,0.0,61,7.8,13.8,19.7,9.6,10.1,0.0,58,4.8,15.9,21.1,14.0,7.1,0.0,78,10.0,44
2019-04-20,17.1,24.5,8.6,15.9,0.0,49,3.2,13.4,17.7,11.4,6.3,1.1,78,7.9,17.2,23.5,11.4,12.1,0.0,62,5.8,14.4,18.2,9.7,8.5,0.0,61,1.1,14.3,19.1,9.7,9.4,1.2,67,7.1,17.1,24.6,11.6,13.0,0.0,68,3.9,47
2019-04-21,19.4,25.3,14.3,11.0,0.0,53,7.5,12.5,15.9,10.7,5.2,0.7,93,8.2,18.1,22.6,15.2,7.4,0.0,72,8.4,17.2,22.0,13.4,8.6,0.0,65,6.8,14.8,20.2,12.2,8.0,0.3,78,7.9,17.8,23.2,12.4,10.8,0.0,70,7.4,33
2019-04-22,17.5,25.5,11.6,13.9,0.0,60,3.0,16.1,25.3,10.1,15.2,0.0,71,2.8,20.5,29.3,11.3,18.0,0.0,61,3.5,17.1,22.2,14.1,8.1,0.0,63,3.6,19.3,28.2,10.7,17.5,0.0,51,2.2,20.3,27.9,13.4,14.5,0.0,64,3.9,97
2019-04-23,16.0,22.2,11.4,10.8,5.5,73,9.4,17.3,22.5,13.6,8.9,0.0,67,8.6,18.6,23.1,15.6,7.5,6.2,76,9.5,16.2,19.5,14.5,5.0,7.3,73,9.4,20.4,25.5,15.3,10.2,0.0,52,8.4,17.1,19.7,15.8,3.9,1.4,83,9.2,91
2019-04-24,18.1,22.0,14.6,7.4,3.5,86,9.8,16.7,21.8,13.0,8.8,5.9,82,4.1,17.7,21.1,15.3,5.8,21.8,91,8.1,16.8,20.5,15.1,5.4,16.1,95,9.5,19.5,25.9,15.8,10.1,4.1,70,5.0,18.0,20.9,16.1,4.8,0.0,93,9.4,57
2019-04-25,14.1,19.0,10.6,8.4,0.2,68,9.9,12.7,16.8,8.1,8.7,9.6,88,9.4,15.1,17.2,10.9,6.3,7.7,93,9.2,14.8,16.3,13.0,3.3,0.1,73,9.9,13.2,17.2,9.4,7.8,11.3,76,9.4,14.8,19.0,11.3,7.7,3.6,96,9.8,38
2019-04-26,10.1,12.3,8.4,3.9,10.5,89,9.9,8.5,9.7,7.6,2.1,2.7,84,8.4,10.0,12.0,8.5,3.5,1.2,87,9.9,11.3,13.1,8.5,4.6,5.3,87,9.5,8.4,9.9,6.2,3.7,4.9,82,8.0,9.5,11.3,8.1,3.2,0.4,91,9.9,9
2019-04-27,12.6,18.0,5.6,12.4,0.0,57,4.9,11.0,16.1,6.1,10.0,0.0,60,4.2,12.2,18.1,5.1,13.0,0.0,67,5.1,12.1,16.3,8.1,8.2,0.0,58,4.8,11.6,18.2,4.1,14.1,0.0,53,4.8,13.0,19.9,7.3,12.6,0.0,69,6.4,17
2019-04-28,13.4,18.9,9.7,9.2,0.0,56,7.0,12.6,16.3,10.5,5.8,0.0,62,7.2,12.9,17.4,10.3,7.1,0.4,72,8.4,13.2,16.9,10.7,6.2,0.0,58,7.5,12.9,16.6,9.9,6.7,0.0,49,8.1,13.4,20.0,10.1,9.9,1.8,64,7.4,18
2019-04-29,10.8,12.0,9.0,3.0,40.0,89,9.8,13.5,16.8,9.9,6.9,0.0,54,6.6,11.0,15.1,8.0,7.1,16.6,92,7.8,13.0,13.8,12.1,1.7,25.3,88,9.9,13.0,17.3,8.3,9.0,0.0,53,5.8,12.0,13.3,10.5,2.8,29.1,90,9.0,25
2019-04-30,14.6,19.6,11.5,8.1,0.1,83,7.1,14.4,19.8,10.8,9.0,0.0,62,5.5,16.1,22.4,9.6,12.8,0.0,78,6.8,15.6,18.9,13.1,5.8,0.0,84,8.2,15.5,22.5,9.0,13.5,0.0,53,4.4,15.0,20.4,11.5,8.9,0.3,92,7.5,34
2019-05-01,17.8,24.4,10.5,13.9,0.0,54,4.6,14.2,18.5,10.7,7.8,0.0,65,1.2,15.9,23.3,10.3,13.0,0.0,69,3.5,17.0,20.8,14.3,6.5,0.0,72,7.0,16.4,22.2,11.2,11.0,0.0,49,1.9,14.4,21.5,10.2,11.3,0.0,76,4.8,62
2019-05-02,19.0,26.3,10.5,15.8,0.0,39,0.0,16.0,22.0,12.6,9.4,0.0,39,0.0,15.9,25.0,8.9,16.1,0.0,58,0.0,17.6,21.7,14.8,6.9,0.0,55,0.0,17.1,25.3,10.6,14.7,0.0,29,0.0,15.4,24.1,8.1,16.0,0.0,56,0.0,53
2019-05-03,19.3,28.7,9.5,19.2,0.0,41,0.0,15.4,21.5,10.8,10.7,0.0,54,0.2,18.0,28.4,7.4,21.0,0.0,48,0.0,19.1,23.1,15.3,7.8,0.0,42,0.0,17.9,26.1,10.1,16.0,0.0,38,0.0,18.0,28.9,8.5,20.4,0.0,46,0.0,63
2019-05-04,20.3,29.5,10.8,18.7,0.0,49,3.0,16.3,21.8,11.7,10.1,0.0,61,5.4,19.2,27.4,10.2,17.2,0.0,49,5.2,19.1,23.6,15.1,8.5,0.0,53,3.9,19.4,27.4,12.0,15.4,0.0,40,4.9,19.6,28.2,10.7,17.5,0.0,44,4.2,91
2019-05-05,21.6,29.4,14.0,15.4,0.0,42,6.6,16.7,22.7,12.7,10.0,0.0,55,5.4,19.8,28.0,12.2,15.8,0.0,47,4.0,19.6,23.9,15.4,8.5,0.0,52,5.5,19.2,26.5,13.6,12.9,0.0,36,5.1,19.6,28.3,12.4,15.9,0.0,46,3.4,67
2019-05-06,15.1,21.5,10.7,10.8,0.0,49,3.0,13.6,18.2,10.1,8.1,0.0,33,0.2,14.5,20.3,9.4,10.9,0.0,42,0.6,16.6,21.3,12.8,8.5,0.0,55,4.2,14.5,19.8,9.8,10.0,0.0,27,0.2,14.0,20.0,9.6,10.4,0.0,49,1.1,34
2019-05-07,15.6,22.5,7.2,15.3,0.0,43,0.2,13.4,18.2,9.8,8.4,0.0,58,0.0,14.9,23.2,5.6,17.6,0.0,41,0.1,15.2,20.0,11.0,9.0,0.0,49,0.9,15.0,21.9,8.4,13.5,0.0,33,0.0,14.5,22.0,6.8,15.2,0.0,36,0.0,47
2019-05-08,17.8,24.8,8.4,16.4,0.0,32,6.9,13.8,17.2,10.8,6.4,0.0,67,6.6,15.9,23.1,7.4,15.7,0.0,43,5.9,17.3,21.6,12.9,8.7,0.0,36,6.0,15.6,21.3,10.1,11.2,0.0,48,6.1,15.3,22.3,7.4,14.9,0.0,37,6.9,54
2019-05-09,20.1,26.0,14.2,11.8,0.0,25,4.8,14.1,17.9,11.7,6.2,0.0,65,3.9,17.7,24.7,10.9,13.8,0.0,44,4.5,18.6,22.9,16.0,6.9,0.0,37,5.1,16.6,22.9,11.7,11.2,0.0,43,3.1,17.3,25.3,10.8,14.5,0.0,32,4.1,47
2019-05-10,21.1,28.9,11.8,17.1,0.0,29,3.9,15.2,21.0,10.4,10.6,0.0,65,4.0,18.6,27.9,8.3,19.6,0.0,46,3.6,19.0,23.8,16.0,7.8,0.0,39,4.8,17.8,26.8,10.3,16.5,0.0,48,3.5,18.6,27.9,10.3,17.6,0.0,35,4.8,61
2019-05-11,21.6,30.0,12.2,17.8,0.0,37,1.2,16.6,22.8,12.0,10.8,0.0,62,3.0,20.1,28.9,11.3,17.6,0.0,46,1.0,19.5,24.4,14.3,10.1,0.0,42,1.9,20.3,28.3,13.2,15.1,0.0,39,2.0,19.6,28.2,11.8,16.4,0.0,41,2.6,66
2019-05-12,18.5,26.0,12.8,13.2,0.0,48,3.9,18.5,23.9,12.8,11.1,0.0,47,4.2,21.5,29.3,13.1,16.2,0.0,48,4.1,20.2,25.8,15.9,9.9,0.0,44,2.4,21.6,28.9,14.7,14.2,0.0,36,4.2,21.0,29.2,14.5,14.7,0.0,45,3.8,56
2019-05-13,19.6,27.3,12.2,15.1,0.0,55,7.0,16.9,21.3,14.7,6.6,0.0,52,7.8,20.1,28.3,13.3,15.0,0.0,53,7.4,17.8,20.7,14.8,5.9,0.0,67,6.8,18.7,22.8,15.5,7.3,0.0,43,8.2,20.4,27.9,13.8,14.1,0.0,52,6.4,55
2019-05-14,22.8,28.7,17.6,11.1,0.0,55,6.2,18.1,23.8,13.3,10.5,0.0,61,2.4,21.1,28.3,14.0,14.3,0.0,59,2.6,20.5,24.7,17.2,7.5,0.0,73,5.0,19.6,26.9,12.9,14.0,0.0,45,1.6,22.3,29.0,16.2,12.8,0.0,65,6.0,44
2019-05-15,22.7,30.2,17.0,13.2,0.0,56,6.5,18.6,24.1,14.4,9.7,0.0,68,5.5,21.9,29.0,15.7,13.3,0.0,64,4.9,21.6,25.7,18.7,7.0,0.0,60,5.8,20.7,28.0,14.8,13.2,0.0,48,4.5,23.2,30.3,17.3,13.0,0.0,60,6.8,68
2019-05-16,23.2,29.8,16.2,13.6,0.0,49,5.9,21.0,26.7,15.2,11.5,0.0,63,3.1,23.5,30.8,16.7,14.1,0.0,58,5.4,21.7,26.7,18.0,8.7,0.0,62,5.0,23.5,30.0,16.7,13.3,0.0,44,2.5,23.3,30.7,17.6,13.1,0.0,51,4.9,67
2019-05-17,22.5,28.9,14.9,14.0,0.0,45,7.1,21.5,25.7,17.4,8.3,0.0,59,8.1,23.7,28.1,18.6,9.5,0.0,56,8.0,21.1,23.7,17.8,5.9,0.0,66,7.5,23.6,28.3,17.6,10.7,0.0,45,7.5,21.2,28.5,16.7,11.8,9.2,68,7.2,55
2019-05-18,18.1,22.0,16.2,5.8,16.0,84,9.6,21.0,25.4,16.6,8.8,0.0,61,8.8,19.1,23.7,16.0,7.7,14.3,83,9.4,17.7,20.4,16.5,3.9,37.1,87,9.8,22.8,25.9,19.1,6.8,0.0,47,8.5,18.7,20.5,15.9,4.6,40.1,89,9.2,29
2019-05-19,19.6,23.3,17.0,6.3,2.5,82,9.4,19.2,21.1,17.7,3.4,14.4,97,10.0,21.1,24.7,18.5,6.2,0.7,83,9.1,19.4,21.9,18.0,3.9,8.4,83,10.0,19.4,21.6,17.9,3.7,22.0,93,10.0,20.9,22.7,19.4,3.3,0.0,87,9.4,15
2019-05-20,18.8,22.4,14.5,7.9,0.2,57,5.2,15.1,19.5,12.8,6.7,8.3,69,3.6,17.1,20.8,12.2,8.6,6.0,65,4.8,19.0,23.3,14.1,9.2,1.1,67,6.2,16.4,20.2,13.0,7.2,8.7,64,4.5,16.3,20.9,12.5,8.4,1.6,64,4.5,38
2019-05-21,18.6,26.1,9.4,16.7,0.0,36,0.1,15.8,21.0,12.5,8.5,0.0,69,0.0,17.9,24.7,11.6,13.1,0.0,57,0.0,17.9,22.3,12.2,10.1,0.0,46,0.2,17.2,23.8,11.7,12.1,0.0,52,0.0,17.1,24.7,9.5,15.2,0.0,55,0.0,53
2019-05-22,21.4,30.0,11.7,18.3,0.0,34,0.0,17.6,22.3,12.8,9.5,0.0,64,1.1,20.8,27.2,13.4,13.8,0.0,49,0.0,19.7,24.6,15.8,8.8,0.0,51,0.0,19.5,26.5,12.3,14.2,0.0,46,1.4,20.2,28.5,12.4,16.1,0.0,54,0.0,56
2019-05-23,23.2,31.3,14.6,16.7,0.0,40,0.8,19.5,25.4,15.2,10.2,0.0,63,0.0,23.0,29.8,16.0,13.8,0.0,51,0.2,19.3,26.1,16.2,9.9,0.0,71,0.8,22.0,29.2,15.0,14.2,0.0,45,0.0,22.2,30.5,15.2,15.3,0.0,62,0.5,72
2019-05-24,25.5,34.5,14.4,20.1,0.0,44,0.0,22.2,28.3,17.2,11.1,0.0,59,1.0,24.4,32.7,16.0,16.7,0.0,57,0.9,20.9,25.4,16.2,9.2,0.0,69,0.0,24.2,33.4,16.2,17.2,0.0,46,1.4,23.6,29.9,17.0,12.9,0.0,57,1.9,86
2019-05-25,25.9,32.2,18.9,13.3,0.0,38,7.1,21.7,25.0,17.7,7.3,0.0,62,7.2,24.0,30.4,18.7,11.7,0.0,50,7.4,23.4,30.1,19.2,10.9,0.0,54,7.2,23.4,28.6,18.4,10.2,0.0,46,7.9,23.0,29.8,17.3,12.5,0.0,62,6.8,79
2019-05-26,25.5,33.5,18.7,14.8,0.0,37,6.2,23.2,27.4,19.3,8.1,0.0,49,6.2,24.7,32.2,17.2,15.0,0.0,47,5.9,22.0,25.7,18.5,7.2,0.0,65,7.0,24.5,31.1,18.6,12.5,0.0,39,6.0,22.6,28.7,18.3,10.4,0.3,64,8.2,39
2019-05-27,21.0,23.7,19.0,4.7,5.5,76,9.2,17.4,22.4,15.0,7.4,10.5,86,8.4,17.9,23.6,14.2,9.4,14.4,91,9.9,19.3,20.9,18.4,2.5,28.4,94,9.9,17.8,22.3,14.3,8.0,7.1,81,8.6,17.7,20.3,13.5,6.8,25.6,98,9.2,23
2019-05-28,19.4,23.7,15.4,8.3,0.0,43,4.9,17.2,20.6,13.9,6.7,0.0,61,2.5,17.7,24.0,11.7,12.3,0.0,63,4.9,18.0,22.5,15.1,7.4,0.0,59,7.1,18.1,24.6,11.9,12.7,0.0,46,2.1,17.3,23.0,12.0,11.0,0.0,59,5.5,22
2019-05-29,22.5,30.5,11.6,18.9,0.0,36,0.8,18.4,22.4,14.2,8.2,0.0,63,0.5,20.1,27.8,11.9,15.9,0.0,53,0.4,20.6,25.4,14.0,11.4,0.0,46,0.8,20.3,26.5,13.3,13.2,0.0,48,0.4,19.8,27.6,11.8,15.8,0.0,63,0.0,48
2019-05-30,23.2,31.0,14.1,16.9,0.0,33,6.6,18.4,22.4,15.6,6.8,0.0,60,8.4,20.2,27.2,14.6,12.6,0.2,55,7.0,22.5,26.9,17.8,9.1,0.0,34,6.5,19.6,24.5,14.6,9.9,0.0,48,7.9,20.4,28.1,14.5,13.6,0.0,58,7.1,45
2019-05-31,19.9,26.4,14.2,12.2,1.5,58,5.5,17.7,21.2,15.5,5.7,0.0,64,1.6,19.0,24.3,15.2,9.1,0.0,65,4.5,18.4,22.9,14.9,8.0,1.1,60,5.8,19.1,23.3,16.1,7.2,0.0,50,2.2,17.7,24.4,13.2,11.2,2.0,76,6.5,20
2019-06-01,21.3,27.2,14.5,12.7,0.0,47,6.1,17.0,19.9,14.8,5.1,0.0,74,6.8,19.1,24.5,12.9,11.6,0.0,70,6.2,19.8,24.8,16.2,8.6,0.0,61,8.5,18.9,23.7,14.8,8.9,0.0,61,5.5,19.6,27.0,13.5,13.5,0.0,68,6.2,34
2019-06-02,23.2,30.3,15.2,15.1,0.0,46,4.1,19.5,24.4,14.8,9.6,0.0,58,0.5,21.5,28.6,14.6,14.0,0.0,58,2.4,20.9,24.6,17.4,7.2,0.0,54,5.9,21.1,27.8,14.1,13.7,0.0,42,0.6,21.8,28.8,15.2,13.6,0.0,58,2.9,36
2019-06-03,25.4,33.0,16.7,16.3,0.0,45,0.0,21.2,27.1,16.5,10.6,0.0,60,1.5,23.3,30.9,14.6,16.3,0.0,51,0.0,21.3,25.6,17.4,8.2,0.0,55,2.0,23.1,29.5,16.0,13.5,0.0,43,0.6,23.1,31.0,15.4,15.6,0.0,52,0.0,38
2019-06-04,27.1,34.3,19.1,15.2,0.0,46,0.0,20.6,24.7,17.9,6.8,0.0,67,4.4,24.3,31.7,17.5,14.2,0.0,55,1.6,23.4,26.5,19.2,7.3,0.0,63,0.0,22.6,29.0,17.6,11.4,0.0,56,3.0,23.9,31.7,17.6,14.1,0.0,59,0.5,29
2019-06-05,27.4,35.7,20.9,14.8,0.0,41,1.6,19.5,23.2,17.3,5.9,0.0,85,6.9,24.3,30.9,18.1,12.8,0.0,65,2.5,23.9,29.7,20.4,9.3,0.0,59,1.6,23.0,29.6,17.8,11.8,0.0,64,5.4,24.3,31.3,18.2,13.1,0.0,66,2.6,54
2019-06-06,24.2,32.8,17.1,15.7,4.5,60,8.4,19.5,21.8,17.3,4.5,5.9,93,9.6,22.0,28.2,16.9,11.3,17.1,75,8.9,22.1,27.0,17.8,9.2,28.0,76,7.1,21.2,25.1,18.6,6.5,7.5,76,9.1,21.8,27.4,17.0,10.4,27.2,85,8.4,59
2019-06-07,18.5,19.9,17.2,2.7,7.0,95,9.8,19.9,24.1,16.9,7.2,26.8,80,7.0,18.8,20.5,16.6,3.9,25.6,95,9.5,18.7,20.0,16.8,3.2,45.7,91,10.0,20.0,24.7,17.0,7.7,35.3,77,7.4,19.3,20.8,17.7,3.1,5.5,97,9.6,13
2019-06-08,21.1,27.1,16.7,10.4,0.0,71,6.6,21.1,24.8,17.0,7.8,0.0,66,6.1,21.3,27.2,16.1,11.1,0.0,78,7.8,19.1,22.2,17.0,5.2,0.0,76,7.1,21.9,27.6,16.0,11.6,0.0,58,5.9,20.8,25.0,17.9,7.1,0.0,86,7.8,25
2019-06-09,18.6,22.7,15.7,7.0,0.0,71,5.1,20.1,23.5,18.2,5.3,0.0,78,8.6,22.1,28.1,17.9,10.2,9.0,74,7.9,18.5,22.1,16.4,5.7,0.0,71,5.9,21.6,26.5,17.1,9.4,2.5,66,8.9,21.4,27.5,17.7,9.8,0.0,80,7.2,37
2019-06-10,19.0,23.7,15.0,8.7,0.0,64,7.4,19.6,23.0,16.1,6.9,3.4,70,8.5,18.8,23.9,15.1,8.8,11.1,77,8.0,18.8,22.7,15.8,6.9,0.0,67,6.2,18.4,21.9,15.7,6.2,9.5,70,8.0,19.1,22.7,16.7,6.0,11.8,86,9.2,10
2019-06-11,19.4,25.3,16.4,8.9,0.0,64,5.9,20.3,24.3,16.5,7.8,0.0,59,2.6,21.1,26.2,16.1,10.1,0.0,64,3.4,18.5,22.1,16.1,6.0,0.0,70,7.5,20.5,26.1,15.5,10.6,0.0,51,3.5,18.4,22.8,15.7,7.1,0.9,89,7.4,13
2019-06-12,21.1,27.6,16.8,10.8,0.0,61,4.1,20.2,23.7,17.0,6.7,0.0,73,0.0,21.4,27.9,15.7,12.2,0.0,69,1.2,19.1,22.3,16.9,5.4,0.0,71,4.8,21.5,26.4,16.1,10.3,0.0,57,1.1,20.3,26.7,15.4,11.3,0.0,80,4.2,30
2019-06-13,22.9,30.3,14.8,15.5,0.0,55,4.1,21.3,26.5,17.2,9.3,0.0,67,4.0,23.4,30.1,16.5,13.6,0.0,65,3.4,19.6,23.0,15.5,7.5,0.0,74,3.5,23.0,28.8,16.6,12.2,0.0,52,3.1,21.8,28.0,16.8,11.2,0.0,75,5.0,30
2019-06-14,20.2,23.6,17.2,6.4,0.0,69,9.5,21.7,26.7,18.9,7.8,0.0,71,6.1,21.9,25.1,19.3,5.8,0.0,73,8.4,19.6,23.7,17.2,6.5,9.2,83,9.6,23.0,28.4,19.1,9.3,0.0,55,6.1,19.9,23.0,17.9,5.1,3.3,85,10.0,34
2019-06-15,21.3,29.5,16.1,13.4,16.8,75,6.4,21.8,25.4,19.1,6.3,0.0,66,1.5,21.9,27.4,16.7,10.7,0.0,69,3.4,20.6,25.3,17.2,8.1,1.0,74,7.5,21.9,27.4,17.9,9.5,2.1,62,3.1,20.4,25.4,16.7,8.7,0.0,78,1.8,34
2019-06-16,20.8,28.2,15.9,12.3,0.0,71,7.1,21.1,25.1,17.5,7.6,0.0,65,3.9,21.9,28.2,15.9,12.3,0.0,69,3.8,20.1,23.4,17.7,5.7,0.0,76,5.9,22.0,27.2,16.1,11.1,0.0,55,3.9,20.7,26.6,16.1,10.5,0.0,79,4.0,16
2019-06-17,24.0,30.0,18.4,11.6,0.0,57,7.4,19.7,23.3,17.4,5.9,0.2,76,7.0,22.2,27.6,17.9,9.7,0.0,66,5.4,20.8,24.6,17.6,7.0,0.0,75,7.0,21.7,26.2,18.1,8.1,0.0,59,4.5,22.0,28.0,17.3,10.7,0.0,75,5.8,24
2019-06-18,24.1,30.6,19.8,10.8,0.0,60,7.8,20.6,24.1,18.5,5.6,4.5,80,9.4,21.7,25.8,17.5,8.3,0.1,75,8.6,21.7,24.8,19.5,5.3,0.2,76,8.6,20.8,24.8,17.0,7.8,13.8,79,9.5,22.3,26.9,19.2,7.7,0.0,76,8.1,31
2019-06-19,24.6,29.2,19.3,9.9,0.0,60,5.4,20.9,25.0,18.9,6.1,0.8,86,8.8,22.7,27.0,19.9,7.1,0.0,77,7.9,23.4,27.3,19.3,8.0,0.0,71,4.4,21.4,25.4,18.9,6.5,0.2,78,9.4,23.5,28.8,19.9,8.9,0.0,77,5.0,32
2019-06-20,26.8,33.2,20.0,13.2,0.0,54,5.4,21.5,25.5,19.4,6.1,0.0,84,7.8,23.9,29.1,19.2,9.9,0.0,73,7.1,24.3,27.5,21.6,5.9,0.0,67,3.4,22.7,27.8,19.8,8.0,0.0,71,8.0,23.5,29.6,18.5,11.1,0.0,75,5.4,27
2019-06-21,25.5,33.6,19.3,14.3,18.0,62,6.0,21.4,24.8,19.0,5.8,0.0,85,6.1,23.8,29.0,19.8,9.2,0.0,70,4.5,23.3,26.8,21.0,5.8,0.0,72,5.2,22.1,26.1,19.4,6.7,0.2,73,7.2,23.7,29.8,19.0,10.8,0.0,75,2.9,27
2019-06-22,21.5,26.7,17.9,8.8,0.0,62,4.6,23.4,28.1,17.7,10.4,0.0,56,1.9,23.9,29.7,19.2,10.5,0.0,72,5.5,21.3,25.0,19.1,5.9,0.0,67,6.1,24.2,30.6,17.7,12.9,0.0,42,2.1,22.1,28.2,18.6,9.6,0.8,84,7.0,12
2019-06-23,21.5,26.6,15.9,10.7,0.0,61,3.6,24.4,28.6,20.6,8.0,0.0,45,1.4,24.2,29.6,18.5,11.1,0.0,61,2.0,20.9,24.8,18.4,6.4,0.0,68,5.0,25.0,31.0,19.1,11.9,0.0,40,3.0,22.8,29.4,19.9,9.5,0.0,80,6.4,12
2019-06-24,23.1,30.2,17.5,12.7,0.0,62,3.6,23.0,26.4,20.6,5.8,0.0,68,0.6,24.9,30.6,19.1,11.5,0.0,64,2.8,20.9,24.5,18.0,6.5,0.0,71,2.1,25.2,30.9,20.9,10.0,0.0,47,1.6,23.7,30.1,19.1,11.0,0.0,75,4.1,21
2019-06-25,25.0,32.4,17.8,14.6,0.0,62,1.9,23.7,28.7,19.5,9.2,0.0,67,1.5,26.4,33.2,19.0,14.2,0.0,59,3.0,21.9,26.8,18.5,8.3,0.0,71,4.1,25.6,32.8,19.5,13.3,0.0,49,1.2,24.8,31.0,19.0,12.0,0.0,70,4.0,31
2019-06-26,19.7,22.3,18.3,4.0,60.0,92,9.2,23.8,27.5,21.1,6.4,0.0,67,8.9,22.1,24.8,20.8,4.0,1.7,80,9.2,20.9,21.8,19.6,2.2,112.5,87,9.4,25.4,29.5,20.7,8.8,0.0,53,9.5,20.8,23.4,17.6,5.8,24.8,94,9.9,33
2019-06-27,24.4,29.7,20.6,9.1,15.0,87,8.4,23.7,27.1,21.8,5.3,0.9,82,8.6,24.7,29.2,21.3,7.9,0.6,84,7.6,22.4,24.4,20.7,3.7,36.5,96,9.4,25.5,31.2,21.9,9.3,1.4,71,8.2,24.5,29.9,21.5,8.4,0.7,88,8.1,22
2019-06-28,23.6,27.1,21.2,5.9,7.0,87,8.2,22.5,26.9,20.7,6.2,3.8,84,9.4,25.4,29.9,22.1,7.8,0.0,76,8.2,22.2,25.5,20.8,4.7,0.0,88,8.9,24.7,29.0,22.3,6.7,0.0,67,8.5,24.3,29.5,20.6,8.9,0.0,81,7.0,39
2019-06-29,21.5,22.5,20.5,2.0,32.5,95,10.0,23.0,26.3,20.3,6.0,3.2,85,8.6,22.2,24.0,21.4,2.6,12.7,95,9.6,21.4,23.7,20.0,3.7,91.0,95,9.8,23.1,27.7,19.6,8.1,1.5,72,8.1,21.8,23.3,20.5,2.8,83.0,98,10.0,25
2019-06-30,25.7,30.9,21.1,9.8,0.0,75,7.1,22.2,24.4,20.7,3.7,0.2,91,7.6,24.0,28.1,21.1,7.0,0.0,86,7.9,23.3,28.1,21.3,6.8,0.2,87,7.8,23.9,28.5,20.9,7.6,0.0,74,6.9,23.8,28.5,20.5,8.0,0.0,89,9.1,33
2019-07-01,24.3,27.6,21.2,6.4,0.0,78,7.6,22.3,25.8,19.8,6.0,0.0,82,4.2,23.7,27.3,20.7,6.6,0.0,77,6.5,23.1,27.8,21.3,6.5,0.0,89,8.8,23.9,28.9,20.6,8.3,0.0,64,4.9,22.6,25.9,21.4,4.5,10.9,96,9.0,34
2019-07-02,25.2,31.2,19.0,12.2,0.0,61,5.8,22.7,26.3,19.6,6.7,0.0,84,4.5,23.8,29.9,17.2,12.7,0.0,72,3.1,23.4,26.4,20.9,5.5,0.0,82,7.4,24.4,30.1,20.8,9.3,0.0,64,4.0,23.9,29.6,20.6,9.0,1.1,78,6.2,30
2019-07-03,24.8,29.6,19.7,9.9,0.0,67,7.2,22.3,25.2,20.3,4.9,0.0,87,6.2,24.4,28.8,20.2,8.6,0.0,75,5.5,21.9,24.1,20.4,3.7,0.0,91,7.9,24.1,27.4,21.2,6.2,0.0,65,6.4,23.3,29.0,19.1,9.9,0.0,79,8.0,33
2019-07-04,26.4,32.6,19.9,12.7,0.0,60,3.6,22.8,27.2,19.7,7.5,0.0,82,4.5,25.6,32.0,19.2,12.8,0.0,67,2.4,24.2,28.3,19.8,8.5,0.0,76,4.8,25.4,32.8,20.0,12.8,0.0,60,2.4,25.2,31.3,20.2,11.1,0.0,75,5.2,30
2019-07-05,26.4,32.8,20.8,12.0,0.0,62,4.2,25.1,30.8,20.7,10.1,0.0,62,3.2,27.7,35.1,20.0,15.1,0.0,56,3.2,23.8,26.9,20.6,6.3,0.0,70,6.0,27.6,35.0,20.2,14.8,0.0,42,3.8,26.5,32.1,21.6,10.5,0.0,67,5.0,33
2019-07-06,24.0,29.1,19.8,9.3,0.0,70,0.8,28.6,34.6,22.9,11.7,0.0,49,3.1,27.5,33.3,20.7,12.6,0.0,53,0.1,24.3,28.9,20.7,8.2,0.0,66,2.0,29.7,36.1,24.6,11.5,0.0,41,3.4,26.9,32.8,21.6,11.2,0.0,65,0.4,29
2019-07-07,22.9,26.7,20.5,6.2,0.0,65,7.6,27.0,30.6,23.9,6.7,0.0,46,7.5,25.3,30.2,21.1,9.1,0.0,59,6.4,23.0,26.5,20.8,5.7,0.0,66,6.6,26.7,32.5,22.7,9.8,0.0,43,7.5,23.9,29.9,20.7,9.2,0.4,73,7.4,17
2019-07-08,22.3,27.0,19.6,7.4,0.0,69,8.0,25.6,30.2,21.8,8.4,0.0,49,6.0,24.5,30.5,19.6,10.9,0.6,63,5.9,22.2,26.9,20.5,6.4,0.0,72,8.6,25.1,31.0,21.2,9.8,0.0,47,6.0,23.4,28.8,20.2,8.6,0.0,76,7.5,10
2019-07-09,21.6,24.7,18.8,5.9,0.0,73,7.8,25.1,29.0,21.0,8.0,0.0,51,4.4,24.4,29.3,19.6,9.7,0.0,63,4.5,22.2,26.1,20.2,5.9,0.0,72,8.9,25.0,30.0,19.7,10.3,0.0,46,4.9,23.9,28.1,20.3,7.8,0.0,76,8.8,10
2019-07-10,21.4,23.3,20.1,3.2,20.0,87,9.9,22.8,26.4,19.6,6.8,3.7,68,9.1,21.6,24.0,19.5,4.5,18.3,83,9.5,21.7,22.7,20.7,2.0,35.1,88,9.9,22.7,27.3,19.3,8.0,8.5,64,8.4,20.9,23.8,20.0,3.8,38.8,93,10.0,9
2019-07-11,24.4,29.2,20.5,8.7,2.0,82,8.5,21.0,23.2,19.5,3.7,0.1,84,9.6,21.3,23.2,19.5,3.7,3.7,95,9.9,23.8,27.2,21.6,5.6,4.5,85,6.6,21.9,25.9,19.5,6.4,2.9,77,9.9,23.3,25.1,21.2,3.9,0.0,80,8.6,7
2019-07-12,25.3,30.0,22.3,7.7,0.0,65,8.0,22.7,25.7,20.2,5.5,0.0,83,5.9,23.5,28.1,19.9,8.2,0.0,79,6.9,24.1,28.9,21.5,7.4,0.0,77,7.5,23.6,28.7,20.0,8.7,0.0,66,6.8,24.4,28.6,20.7,7.9,0.0,74,7.4,14
2019-07-13,24.4,28.8,21.2,7.6,0.0,73,8.1,23.1,26.3,21.5,4.8,11.1,87,5.8,24.4,28.8,21.4,7.4,0.0,80,8.8,22.3,23.5,21.0,2.5,0.0,84,9.6,24.9,29.7,22.1,7.6,0.0,67,6.4,23.6,27.9,21.1,6.8,0.0,83,9.0,31
2019-07-14,24.6,29.4,21.3,8.1,0.0,74,7.9,24.3,28.2,21.2,7.0,0.0,81,4.1,25.9,31.0,21.4,9.6,0.0,77,6.0,23.6,26.8,20.6,6.2,0.0,75,6.2,25.9,31.6,21.2,10.4,0.0,65,4.5,25.1,30.4,21.2,9.2,0.0,80,5.2,43
2019-07-15,23.2,27.1,21.2,5.9,5.5,82,9.6,24.0,26.5,22.1,4.4,0.0,85,9.4,23.8,28.3,21.5,6.8,12.8,88,9.2,23.6,26.6,21.8,4.8,0.0,78,6.6,23.8,27.4,22.1,5.3,7.7,80,7.5,25.2,29.5,21.5,8.0,0.0,81,6.5,40
2019-07-16,24.6,29.7,21.0,8.7,1.0,79,6.4,24.2,28.1,22.0,6.1,37.5,85,6.9,24.8,30.6,20.2,10.4,23.3,83,6.5,23.8,27.1,21.0,6.1,0.0,78,2.2,24.7,28.8,21.4,7.4,6.3,79,7.2,24.6,29.8,21.2,8.6,18.5,84,6.4,33
2019-07-17,25.0,29.4,20.4,9.0,0.0,75,8.0,25.1,28.4,22.3,6.1,0.0,76,9.0,26.0,30.0,22.2,7.8,0.0,82,8.5,23.8,27.8,21.2,6.6,2.8,79,7.6,25.6,29.2,22.3,6.9,0.7,74,9.0,25.3,30.4,21.4,9.0,5.4,77,8.4,61
2019-07-18,24.1,27.6,21.0,6.6,8.0,86,9.8,25.8,30.1,22.6,7.5,0.0,71,6.1,25.6,28.7,22.8,5.9,4.1,84,9.0,22.3,23.0,21.2,1.8,38.5,97,10.0,26.9,32.1,23.3,8.8,0.0,65,6.4,23.6,26.6,20.4,6.2,26.0,93,9.6,66
2019-07-19,24.2,26.6,22.7,3.9,10.0,96,9.9,28.1,33.6,23.0,10.6,0.0,66,5.0,26.6,30.0,23.5,6.5,0.0,83,8.9,23.1,23.7,22.7,1.0,57.7,98,10.0,28.6,35.0,22.8,12.2,0.0,61,4.6,24.8,27.3,22.7,4.6,4.0,94,9.4,34
2019-07-20,24.6,25.8,23.5,2.3,64.5,98,10.0,27.8,31.0,24.9,6.1,3.8,73,9.8,25.6,28.5,23.8,4.7,18.7,91,10.0,23.4,23.9,23.0,0.9,172.2,99,10.0,28.0,31.9,25.1,6.8,1.1,67,9.5,24.2,26.5,22.4,4.1,36.6,97,10.0,8
2019-07-21,25.7,29.3,23.5,5.8,22.0,92,7.8,24.6,27.5,23.4,4.1,6.0,95,9.1,24.8,27.3,22.3,5.0,26.8,93,9.1,23.6,26.0,22.2,3.8,38.4,94,7.5,25.1,27.0,24.2,2.8,6.2,87,9.4,24.7,27.6,22.4,5.2,13.0,97,8.9,14
2019-07-22,28.5,33.7,23.0,10.7,0.0,76,6.0,24.9,28.1,23.2,4.9,0.0,93,7.5,27.9,32.0,25.4,6.6,0.0,81,6.6,25.8,29.1,22.9,6.2,0.0,88,4.9,26.7,31.0,24.2,6.8,0.1,75,7.5,27.0,31.8,23.5,8.3,0.0,91,7.1,43
2019-07-23,29.5,35.0,25.5,9.5,0.3,74,7.2,26.5,29.9,23.7,6.2,0.0,86,9.0,29.0,33.1,26.2,6.9,0.0,78,7.5,26.6,29.9,24.9,5.0,0.0,86,6.9,28.1,32.9,24.4,8.5,0.0,71,8.6,27.7,31.4,25.2,6.2,0.0,84,7.2,26
2019-07-24,28.1,31.5,25.3,6.2,0.0,75,8.2,25.5,26.2,24.8,1.4,1.0,96,9.5,27.7,29.7,25.5,4.2,0.0,83,9.9,26.0,29.3,24.6,4.7,0.0,89,8.6,26.5,27.2,25.2,2.0,1.0,82,9.6,26.9,28.6,25.7,2.9,0.0,90,9.0,23
2019-07-25,27.5,30.0,25.3,4.7,1.5,88,9.4,25.5,26.1,24.9,1.2,9.1,97,9.9,26.4,27.8,25.6,2.2,46.5,97,10.0,25.6,27.7,24.9,2.8,0.1,96,9.6,26.3,27.4,25.6,1.8,9.7,90,9.9,27.6,31.1,25.9,5.2,0.0,93,8.2,26
2019-07-26,29.1,32.8,26.4,6.4,0.0,75,8.9,24.4,25.1,23.2,1.9,61.1,98,9.8,27.0,29.8,25.7,4.1,15.4,94,9.9,25.8,26.8,24.7,2.1,0.0,96,9.0,25.1,25.9,23.7,2.2,60.0,95,9.9,27.4,30.1,25.7,4.4,12.1,91,9.4,19
2019-07-27,28.1,30.3,26.3,4.0,4.5,85,9.6,27.2,30.9,24.5,6.4,4.8,86,6.6,27.9,31.4,25.1,6.3,9.2,89,8.0,25.9,26.9,24.7,2.2,7.3,99,9.6,28.4,33.4,24.9,8.5,0.6,77,7.6,26.4,28.5,25.0,3.5,61.6,98,9.2,18
2019-07-28,29.3,33.4,26.8,6.6,0.1,73,8.5,25.5,26.8,24.6,2.2,30.0,96,9.8,26.7,28.8,25.5,3.3,19.6,94,8.2,26.9,29.1,25.7,3.4,0.0,90,6.6,26.1,28.2,25.0,3.2,25.6,88,9.8,27.1,30.3,24.7,5.6,13.8,93,8.1,14
2019-07-29,29.4,34.6,24.5,10.1,0.0,70,6.0,26.8,29.0,25.1,3.9,0.2,84,8.6,28.5,32.8,24.5,8.3,0.0,78,5.4,27.0,30.3,25.2,5.1,2.3,89,5.6,27.5,30.0,25.6,4.4,0.5,75,8.0,28.3,31.8,25.1,6.7,0.0,81,5.1,14
2019-07-30,30.4,36.0,24.9,11.1,0.0,67,4.4,27.1,29.2,25.6,3.6,2.4,88,9.1,29.4,33.3,26.4,6.9,0.0,77,6.4,27.7,30.5,25.5,5.0,0.0,88,5.0,28.1,30.8,26.3,4.5,1.2,75,8.8,28.4,32.4,25.9,6.5,0.0,85,5.5,17
2019-07-31,31.0,36.0,26.2,9.8,0.0,65,3.8,25.0,26.3,23.7,2.6,50.0,97,9.5,29.6,33.0,27.4,5.6,0.0,76,6.1,28.0,30.9,26.2,4.7,0.0,83,2.5,25.8,27.5,24.0,3.5,62.3,91,9.8,29.0,32.9,26.4,6.5,0.0,83,3.6,17
2019-08-01,31.1,35.6,27.0,8.6,0.0,65,5.4,25.8,28.3,23.4,4.9,26.0,94,8.4,29.5,33.9,26.2,7.7,0.0,77,3.9,28.1,31.3,25.6,5.7,0.0,82,0.9,26.3,30.1,23.5,6.6,26.9,86,7.8,29.2,34.6,24.9,9.7,0.0,80,3.9,13
2019-08-02,31.6,36.9,27.1,9.8,0.0,65,4.8,27.6,31.5,24.8,6.7,0.0,82,3.6,30.0,34.2,25.9,8.3,0.0,75,4.4,29.4,33.0,26.7,6.3,0.0,73,1.2,28.4,33.1,24.7,8.4,0.0,75,3.5,29.2,34.7,25.5,9.2,0.0,78,2.6,18
2019-08-03,29.5,35.9,26.1,9.8,0.0,69,5.9,28.8,33.6,25.2,8.4,0.0,76,3.0,29.9,35.6,26.0,9.6,0.0,78,6.8,28.9,32.7,26.3,6.4,0.0,72,3.8,29.4,36.0,25.6,10.4,3.0,69,3.6,29.6,34.7,25.3,9.4,0.0,76,5.4,20
2019-08-04,30.3,35.9,25.0,10.9,0.0,67,3.6,28.7,33.1,25.3,7.8,0.0,75,5.1,29.8,35.6,25.7,9.9,0.0,80,3.9,28.8,32.2,26.4,5.8,0.0,68,2.0,28.3,34.4,25.0,9.4,8.6,76,5.8,29.7,34.8,25.2,9.6,0.0,75,2.4,29
2019-08-05,29.9,36.2,25.3,10.9,0.0,64,2.5,29.9,34.0,26.1,7.9,0.0,74,3.5,30.7,36.0,25.7,10.3,0.0,74,2.9,28.8,32.8,26.1,6.7,0.0,66,4.5,30.5,35.9,25.6,10.3,0.0,66,2.5,29.3,34.7,25.6,9.1,0.0,79,4.2,39
2019-08-06,26.3,30.6,23.2,7.4,13.0,82,8.5,31.4,34.9,28.2,6.7,0.0,59,6.6,29.7,32.7,26.7,6.0,0.0,67,7.6,25.8,29.8,23.2,6.6,72.5,87,8.6,31.6,36.8,27.9,8.9,0.0,51,6.8,29.0,33.0,25.9,7.1,0.0,75,6.8,28
2019-08-07,28.4,35.4,23.7,11.7,6.5,80,6.4,27.9,31.1,25.7,5.4,0.0,75,7.9,28.6,33.3,24.3,9.0,12.4,81,5.6,27.5,30.9,23.4,7.5,1.2,86,4.2,26.9,30.3,23.9,6.4,8.0,78,8.0,29.0,33.9,25.3,8.6,0.0,80,6.9,21
2019-08-08,28.7,36.1,25.4,10.7,0.1,76,6.6,28.0,30.8,26.3,4.5,0.0,79,7.5,28.5,33.8,26.0,7.8,1.1,83,7.0,28.7,32.5,25.9,6.6,0.0,78,4.2,28.9,32.7,25.9,6.8,0.0,71,6.6,28.6,33.1,26.1,7.0,2.9,82,7.1,39
2019-08-09,29.8,35.4,24.7,10.7,0.0,73,7.0,28.9,32.3,26.0,6.3,0.0,73,3.2,29.5,34.0,25.6,8.4,0.2,81,6.0,28.9,32.5,26.6,5.9,0.0,77,6.2,29.8,34.6,26.0,8.6,0.0,69,4.9,29.3,33.6,24.7,8.9,0.0,77,7.2,27
2019-08-10,28.8,33.4,25.6,7.8,0.0,74,5.5,31.4,36.0,27.1,8.9,0.0,63,6.5,30.2,34.5,26.3,8.2,0.0,73,4.6,28.3,32.3,26.0,6.3,0.0,77,5.5,31.5,36.5,26.6,9.9,0.0,58,5.1,29.7,34.2,25.8,8.4,0.0,65,6.5,22
2019-08-11,29.7,33.7,26.4,7.3,0.0,66,6.0,30.3,35.1,24.9,10.2,10.0,58,7.1,29.7,33.9,26.4,7.5,0.0,68,6.8,28.0,30.6,26.3,4.3,0.0,80,6.9,30.4,35.7,26.3,9.4,6.7,54,6.8,28.1,31.0,25.7,5.3,14.2,78,8.6,17
2019-08-12,30.0,34.6,26.6,8.0,0.0,69,5.0,26.2,28.8,24.5,4.3,52.7,95,9.4,29.0,32.5,26.2,6.3,1.3,83,8.9,29.3,31.9,27.0,4.9,0.0,78,5.4,26.6,28.5,24.8,3.7,56.2,92,8.9,27.9,30.4,26.1,4.3,1.7,91,8.6,17
2019-08-13,29.4,35.4,25.0,10.4,0.0,72,2.8,27.5,31.7,23.5,8.2,4.1,82,7.0,29.8,34.3,25.7,8.6,0.0,78,4.0,30.6,35.0,27.1,7.9,0.0,67,3.5,29.2,35.3,25.1,10.2,6.4,77,7.4,29.5,33.8,25.6,8.2,0.0,80,4.2,23
2019-08-14,29.1,33.0,26.0,7.0,0.3,72,9.0,29.5,33.3,26.3,7.0,2.7,76,5.9,30.1,34.0,26.5,7.5,0.0,71,6.0,29.4,33.3,26.5,6.8,0.2,74,7.6,30.4,35.7,25.9,9.8,0.0,64,4.0,29.9,34.7,26.0,8.7,0.0,78,6.1,20
2019-08-15,27.3,30.2,25.3,4.9,10.0,88,9.5,26.3,28.5,23.8,4.7,6.4,80,8.0,25.8,29.3,24.7,4.6,12.7,93,9.2,27.4,28.5,26.7,1.8,6.2,86,9.0,25.9,28.6,23.9,4.7,16.2,82,9.1,27.6,31.9,25.2,6.7,0.0,84,8.9,9
2019-08-16,28.7,33.0,26.2,6.8,0.3,69,5.6,25.8,29.0,23.8,5.2,0.0,82,6.0,26.9,30.7,24.8,5.9,0.6,84,6.4,28.2,31.6,26.3,5.3,0.0,76,4.8,25.9,29.5,23.0,6.5,0.1,75,6.2,26.5,29.3,24.4,4.9,0.0,87,5.6,17
2019-08-17,28.9,35.1,22.1,13.0,0.0,63,1.1,25.3,28.5,23.5,5.0,0.0,75,4.6,26.2,29.8,23.5,6.3,2.1,82,5.6,27.2,29.9,24.5,5.4,0.0,74,0.0,25.9,28.8,23.4,5.4,0.0,70,5.0,26.9,31.2,23.4,7.8,0.4,83,6.6,32
2019-08-18,28.5,33.7,25.5,8.2,0.1,61,4.6,25.3,28.4,23.2,5.2,0.0,72,4.6,25.6,30.9,20.5,10.4,0.0,73,3.9,27.3,29.8,25.2,4.6,0.0,83,3.8,25.6,30.7,22.6,8.1,0.0,67,4.5,26.2,31.9,22.9,9.0,0.0,71,3.4,22
2019-08-19,26.9,31.8,24.1,7.7,0.0,73,8.9,26.1,29.7,22.8,6.9,0.0,71,3.2,26.5,31.9,21.0,10.9,0.0,73,4.6,27.2,30.2,25.2,5.0,0.0,78,7.2,26.3,31.3,21.2,10.1,0.0,61,4.6,26.6,32.2,20.8,11.4,0.0,68,6.1,25
2019-08-20,26.9,30.3,24.1,6.2,0.0,68,5.6,27.9,31.4,23.5,7.9,0.0,63,3.2,27.8,32.2,23.5,8.7,0.0,70,4.4,26.8,30.3,25.1,5.2,0.0,74,8.2,28.2,32.8,23.2,9.6,0.0,56,2.6,27.2,31.6,22.7,8.9,0.0,75,4.8,28
2019-08-21,26.0,28.7,23.9,4.8,16.5,85,9.9,26.9,30.7,24.7,6.0,0.6,71,8.1,27.3,32.0,23.4,8.6,3.7,76,7.9,26.6,29.4,25.0,4.4,23.0,86,9.2,27.0,30.4,24.4,6.0,1.3,67,7.6,26.7,29.9,24.9,5.0,11.7,89,8.5,34
2019-08-22,26.2,30.5,24.3,6.2,72.0,88,8.4,26.3,29.4,23.9,5.5,0.0,74,7.1,26.5,29.7,23.5,6.2,19.9,81,8.2,26.1,27.3,25.0,2.3,45.1,95,9.2,26.9,31.4,23.0,8.4,0.0,67,6.2,26.7,31.6,24.5,7.1,24.2,85,7.8,41
2019-08-23,26.4,30.6,22.8,7.8,0.0,63,6.1,25.8,29.0,22.9,6.1,0.0,63,3.5,25.2,29.9,22.1,7.8,0.0,75,5.9,25.5,28.2,23.5,4.7,0.0,76,7.2,26.2,30.5,22.7,7.8,0.0,58,4.4,25.6,29.5,23.1,6.4,0.0,80,7.0,33
2019-08-24,23.4,28.3,19.9,8.4,0.0,75,6.2,24.2,27.3,22.3,5.0,0.0,69,5.6,23.6,27.1,20.6,6.5,0.0,78,6.5,25.0,28.3,21.6,6.7,0.0,64,6.0,24.0,27.3,21.5,5.8,0.0,61,5.5,24.0,28.9,20.3,8.6,0.0,81,6.2,23
2019-08-25,24.8,30.5,19.6,10.9,0.0,72,3.6,24.8,28.0,21.4,6.6,0.0,72,2.1,24.6,29.9,20.1,9.8,0.0,74,4.4,24.2,27.6,22.7,4.9,0.0,72,6.8,25.0,29.9,20.2,9.7,0.0,67,3.4,23.4,27.1,21.3,5.8,0.0,84,7.8,20
2019-08-26,25.4,31.4,19.3,12.1,0.0,72,4.2,25.9,29.5,23.4,6.1,0.0,76,6.6,25.9,31.5,19.3,12.2,0.0,72,3.9,25.1,28.8,21.8,7.0,0.0,76,5.5,26.4,32.1,21.5,10.6,0.0,64,6.4,25.2,30.4,20.2,10.2,0.0,72,6.8,26
2019-08-27,22.5,24.1,20.7,3.4,21.0,95,10.0,24.9,27.6,22.2,5.4,2.6,77,8.5,22.4,26.1,20.1,6.0,34.6,93,9.2,23.5,25.1,22.2,2.9,4.7,96,10.0,25.7,29.3,22.2,7.1,20.0,71,8.1,22.9,24.8,21.2,3.6,8.5,97,9.8,26
2019-08-28,23.6,26.7,21.7,5.0,2.0,94,8.6,25.6,28.5,23.7,4.8,0.0,75,5.2,24.2,28.4,21.6,6.8,1.0,87,7.6,24.1,26.3,22.7,3.6,2.2,94,9.5,26.1,30.2,23.6,6.6,0.0,66,5.9,24.1,27.1,22.4,4.7,1.2,92,8.9,29
2019-08-29,23.3,25.4,22.1,3.3,0.1,94,9.4,23.8,26.3,20.5,5.8,38.6,80,6.8,23.2,26.9,20.7,6.2,13.3,88,8.5,23.1,24.3,22.1,2.2,1.2,89,9.5,23.4,26.4,20.1,6.3,36.9,77,5.6,23.0,24.9,21.8,3.1,0.0,93,9.6,28
2019-08-30,24.5,30.3,19.1,11.2,0.0,73,2.1,23.1,25.6,21.4,4.2,0.0,68,3.6,23.2,27.8,19.4,8.4,1.4,77,3.9,24.6,28.9,20.3,8.6,0.0,73,4.0,22.6,27.0,19.5,7.5,0.2,66,5.2,23.6,28.1,20.5,7.6,0.0,78,3.4,19
2019-08-31,23.9,29.5,17.9,11.6,0.0,72,4.0,23.5,27.3,19.9,7.4,0.0,69,2.4,23.3,28.3,18.3,10.0,0.0,75,3.4,24.4,28.3,21.0,7.3,0.0,66,4.2,23.5,28.9,18.5,10.4,0.0,65,2.2,23.4,29.1,20.1,9.0,0.0,79,6.0,18
2019-09-01,21.9,26.6,19.0,7.6,0.5,90,9.1,23.6,26.3,20.4,5.9,0.0,74,5.6,23.5,28.3,18.9,9.4,0.0,79,7.4,23.7,27.7,21.4,6.3,2.3,82,9.5,23.7,27.8,19.2,8.6,0.0,64,6.1,22.1,25.0,19.7,5.3,0.4,88,9.0,20
2019-09-02,20.8,22.4,19.9,2.5,3.0,97,10.0,24.6,28.8,20.8,8.0,0.0,66,7.5,22.6,26.7,20.5,6.2,10.2,86,9.5,21.4,22.9,20.2,2.7,40.4,99,10.0,24.4,29.7,19.4,10.3,0.0,57,6.1,21.1,22.4,20.2,2.2,5.5,94,10.0,26
2019-09-03,21.6,24.6,19.8,4.8,29.5,96,10.0,24.6,28.1,22.5,5.6,3.2,73,9.2,22.3,23.9,20.3,3.6,2.0,95,9.9,23.0,25.8,21.9,3.9,5.8,95,10.0,24.1,28.0,22.0,6.0,0.0,68,8.5,22.6,25.4,20.9,4.5,10.6,98,10.0,22
2019-09-04,24.1,26.9,21.9,5.0,6.0,91,10.0,22.9,24.4,21.6,2.8,58.2,91,8.0,24.5,28.2,22.2,6.0,2.9,92,9.8,24.5,26.8,22.0,4.8,1.3,93,9.2,22.8,25.5,21.2,4.3,22.7,89,9.2,24.4,27.1,22.0,5.1,6.1,96,9.1,8
2019-09-05,25.5,31.4,22.2,9.2,5.5,88,8.2,23.0,25.4,22.2,3.2,40.3,94,9.6,24.4,28.2,22.8,5.4,24.0,94,9.8,26.5,29.3,24.0,5.3,0.0,89,7.2,23.0,27.6,21.5,6.1,36.4,91,9.0,24.9,30.5,22.5,8.0,0.4,91,8.9,9
2019-09-06,26.7,30.0,23.5,6.5,0.0,81,8.6,24.7,27.8,22.1,5.7,6.9,89,10.0,25.6,27.6,22.6,5.0,0.1,89,9.6,27.0,28.8,25.6,3.2,0.0,85,8.9,25.3,29.1,21.6,7.5,2.4,80,10.0,25.6,30.3,22.1,8.2,1.4,91,9.1,15
2019-09-07,27.1,29.3,23.9,5.4,6.0,74,8.1,25.2,29.5,22.5,7.0,1.4,80,9.6,26.2,29.9,23.9,6.0,1.5,81,9.2,26.0,27.3,24.1,3.2,12.3,88,8.8,25.7,29.5,22.6,6.9,2.8,73,10.0,24.7,26.2,23.2,3.0,25.9,95,8.5,14
2019-09-08,26.0,30.3,22.4,7.9,0.0,77,8.4,24.2,26.0,23.1,2.9,0.0,86,8.9,25.3,29.1,23.3,5.8,0.7,88,9.8,25.3,29.1,23.5,5.6,1.3,92,8.4,24.7,27.3,22.9,4.4,0.0,77,9.2,24.7,27.2,22.5,4.7,1.4,94,9.4,36
2019-09-09,26.8,32.0,24.2,7.8,4.5,79,8.2,25.3,28.0,22.8,5.2,0.0,76,9.0,24.0,25.3,22.3,3.0,12.1,96,9.8,27.0,30.5,23.9,6.6,0.0,85,6.1,25.1,28.0,22.4,5.6,0.0,74,9.2,24.6,28.9,23.0,5.9,11.9,97,9.4,37
2019-09-10,27.4,32.5,23.6,8.9,0.0,71,6.1,23.8,26.5,22.2,4.3,88.8,95,9.9,27.2,31.5,23.4,8.1,0.0,79,6.8,26.7,29.2,25.2,4.0,0.0,87,7.1,23.8,26.5,22.1,4.4,63.2,93,9.8,26.7,30.5,24.0,6.5,0.0,82,4.4,14
2019-09-11,25.3,31.4,22.8,8.6,0.0,75,6.5,24.3,27.8,20.2,7.6,4.2,74,8.4,25.3,28.7,23.7,5.0,0.5,84,7.8,25.1,29.2,23.3,5.9,13.4,88,9.2,24.3,28.7,20.4,8.3,7.6,71,7.9,26.7,30.6,23.7,6.9,0.3,86,7.0,9
2019-09-12,20.2,22.9,18.8,4.1,9.0,88,9.9,20.5,23.9,17.4,6.5,25.2,78,9.9,20.8,23.7,19.5,4.2,6.6,86,9.4,21.6,23.6,19.9,3.7,3.9,80,9.4,21.0,22.9,18.7,4.2,3.9,72,9.8,22.3,25.1,20.2,4.9,0.0,93,9.1,12
2019-09-13,21.5,25.7,17.8,7.9,0.0,76,3.8,22.5,27.5,17.5,10.0,0.0,70,3.8,22.9,28.2,17.2,11.0,0.0,74,0.9,23.2,27.4,20.5,6.9,0.0,68,3.8,23.3,29.3,18.3,11.0,0.1,60,4.2,23.7,29.6,19.5,10.1,0.0,75,4.5,14
2019-09-14,23.0,28.9,15.9,13.0,0.0,73,4.1,22.7,24.1,21.6,2.5,0.8,86,8.6,23.4,28.2,19.2,9.0,0.0,82,7.4,23.8,27.7,20.1,7.6,0.0,74,1.4,22.4,24.1,20.8,3.3,0.3,80,8.8,24.0,29.4,19.9,9.5,0.0,81,4.9,19
2019-09-15,23.9,28.4,20.4,8.0,0.0,75,5.0,23.5,27.5,20.1,7.4,0.0,80,4.5,25.3,30.5,21.4,9.1,0.0,79,5.5,24.9,29.3,21.5,7.8,0.0,71,3.1,24.2,30.0,19.5,10.5,0.0,70,5.5,24.9,30.1,21.4,8.7,0.0,84,6.9,16
2019-09-16,21.9,27.7,17.6,10.1,0.0,67,3.4,24.1,28.7,20.3,8.4,0.0,60,4.4,24.5,29.1,21.0,8.1,0.0,71,3.1,23.4,28.0,20.2,7.8,0.0,66,3.6,24.5,30.5,20.7,9.8,0.0,53,3.6,24.6,29.5,21.6,7.9,0.0,78,4.9,13
2019-09-17,21.0,26.7,15.3,11.4,0.0,65,1.8,23.9,28.1,19.8,8.3,0.0,49,6.0,23.0,28.5,17.2,11.3,0.0,65,2.2,22.9,28.1,19.6,8.5,0.0,60,0.8,23.4,29.0,18.0,11.0,0.0,42,6.4,23.7,29.5,19.0,10.5,0.0,57,0.0,19
2019-09-18,22.5,29.6,16.6,13.0,0.0,62,2.6,20.5,23.5,15.9,7.6,0.0,50,1.1,21.9,28.7,15.6,13.1,0.0,60,2.2,22.9,28.2,19.6,8.6,0.0,60,3.4,21.0,25.4,16.0,9.4,0.0,46,1.1,22.2,28.3,17.3,11.0,0.0,61,2.2,32
2019-09-19,20.9,25.4,17.8,7.6,0.0,62,3.5,19.2,24.1,14.1,10.0,0.0,48,4.2,20.2,26.9,13.2,13.7,0.0,66,3.5,21.6,25.6,18.7,6.9,0.0,58,1.1,19.5,26.0,13.6,12.4,0.0,47,3.5,20.6,27.1,14.1,13.0,0.0,57,1.2,28
2019-09-20,19.8,23.3,15.3,8.0,0.0,70,8.6,19.9,23.4,16.0,7.4,0.0,56,9.2,20.0,23.0,17.4,5.6,0.0,72,9.1,21.5,26.5,18.0,8.5,0.3,66,7.8,19.6,24.2,15.8,8.4,0.0,53,9.4,20.6,25.2,17.1,8.1,0.0,68,7.9,24
2019-09-21,18.4,21.2,16.5,4.7,48.5,92,9.9,20.3,22.5,18.8,3.7,0.0,62,9.9,17.8,20.1,15.9,4.2,38.3,87,9.8,18.2,20.6,17.2,3.4,30.4,93,10.0,19.6,22.1,18.3,3.8,0.0,60,9.6,17.9,19.5,16.6,2.9,49.7,92,9.8,15
2019-09-22,18.1,19.5,16.5,3.0,72.5,91,10.0,19.4,20.5,18.3,2.2,0.0,61,9.4,16.4,17.4,15.6,1.8,68.0,96,10.0,18.2,19.1,17.1,2.0,81.6,96,10.0,18.6,19.6,17.3,2.3,0.4,63,9.4,18.4,20.6,16.7,3.9,52.2,86,9.5,6
2019-09-23,19.1,21.4,17.0,4.4,0.0,75,9.2,19.8,23.7,16.7,7.0,0.0,54,2.0,17.8,21.7,14.6,7.1,0.1,82,6.2,17.9,20.7,16.7,4.0,2.5,91,9.9,20.0,24.6,16.9,7.7,0.0,51,3.1,19.4,24.9,16.0,8.9,0.0,74,3.6,14
2019-09-24,19.1,26.5,14.8,11.7,0.0,71,2.6,20.1,24.4,16.2,8.2,0.0,66,0.2,18.2,25.2,12.3,12.9,0.0,79,1.1,19.4,24.2,15.8,8.4,0.0,71,1.6,19.8,26.5,13.9,12.6,0.0,61,0.0,19.3,25.1,13.7,11.4,0.0,74,1.5,24
2019-09-25,19.0,24.6,12.5,12.1,0.0,73,6.6,20.8,24.5,17.0,7.5,0.0,74,7.1,18.8,24.0,13.0,11.0,0.0,81,6.8,20.4,25.4,15.8,9.6,0.0,69,5.1,20.9,27.4,14.8,12.6,0.0,64,5.9,19.7,25.9,14.7,11.2,0.0,71,7.5,30
2019-09-26,21.6,27.1,17.3,9.8,0.0,77,7.4,22.9,28.1,18.8,9.3,0.0,61,8.5,20.9,25.3,17.5,7.8,0.0,81,6.9,22.9,27.8,19.1,8.7,0.0,74,4.2,22.9,29.0,17.7,11.3,0.0,59,8.4,21.8,27.1,16.7,10.4,0.0,77,6.4,27
2019-09-27,22.2,26.8,18.6,8.2,0.2,81,7.9,23.2,26.6,20.5,6.1,0.0,61,8.6,22.7,28.5,17.1,11.4,0.0,78,5.8,22.1,26.1,20.6,5.5,15.3,86,9.6,22.9,27.0,19.6,7.4,0.0,58,8.6,23.3,28.7,18.3,10.4,0.0,81,4.8,22
2019-09-28,23.2,26.8,20.9,5.9,0.3,88,9.0,23.1,27.0,20.2,6.8,0.0,69,4.1,24.2,29.2,20.3,8.9,0.0,79,6.9,22.4,26.1,21.3,4.8,68.2,99,9.4,23.6,29.2,19.4,9.8,0.0,59,3.8,24.2,29.2,21.0,8.2,0.0,88,7.4,27
2019-09-29,24.9,29.8,21.0,8.8,0.0,75,5.0,21.7,26.4,18.3,8.1,0.0,75,0.2,22.7,28.5,18.7,9.8,0.0,72,0.8,23.9,28.8,21.3,7.5,0.0,92,5.0,22.6,28.6,17.9,10.7,0.0,61,0.2,24.4,29.2,21.2,8.0,0.0,79,3.4,38
2019-09-30,23.6,30.1,18.2,11.9,0.0,79,4.1,21.7,26.4,18.2,8.2,0.0,83,1.5,22.1,29.1,15.9,13.2,0.0,77,2.0,24.1,27.7,22.5,5.2,0.0,90,7.6,22.4,29.9,16.4,13.5,0.0,61,0.0,23.5,28.8,19.0,9.8,0.0,83,4.8,51
2019-10-01,22.8,25.1,21.4,3.7,0.2,91,10.0,22.8,27.5,18.4,9.1,0.0,77,7.5,22.1,25.8,18.6,7.2,0.0,86,9.2,22.4,23.3,21.6,1.7,9.8,95,9.9,23.1,28.2,17.6,10.6,0.0,67,6.8,20.7,22.9,19.4,3.5,52.3,98,9.6,47
2019-10-02,21.8,23.5,20.5,3.0,104.5,98,10.0,22.1,24.4,20.3,4.1,13.2,85,9.9,21.1,22.2,20.3,1.9,82.5,94,10.0,22.7,23.8,21.6,2.2,94.8,98,10.0,21.6,24.2,20.0,4.2,23.1,88,9.9,20.8,22.9,18.9,4.0,88.1,99,10.0,24
2019-10-03,23.2,27.4,19.9,7.5,39.5,80,6.8,23.1,27.2,19.9,7.3,4.2,72,5.8,22.2,26.9,19.5,7.4,11.0,87,5.6,24.6,28.8,22.3,6.5,1.8,74,4.9,22.4,27.3,19.8,7.5,4.6,73,6.2,22.1,27.1,19.7,7.4,0.9,89,5.4,9
2019-10-04,22.1,28.6,17.6,11.0,0.0,81,5.6,22.2,26.1,19.7,6.4,0.0,78,4.6,22.5,27.5,19.7,7.8,0.0,84,6.9,22.9,25.8,20.2,5.6,0.0,76,1.5,22.4,27.8,18.0,9.8,0.0,72,3.6,22.4,28.4,19.5,8.9,0.2,87,7.2,25
2019-10-05,21.4,26.1,17.7,8.4,0.0,74,8.8,18.5,21.3,14.6,6.7,0.0,77,6.4,19.2,21.1,16.5,4.6,0.0,84,7.5,21.7,26.4,18.5,7.9,1.2,82,8.0,18.7,21.9,14.7,7.2,0.6,73,7.0,18.4,20.3,15.0,5.3,0.0,87,7.9,38
2019-10-06,17.5,20.6,14.5,6.1,0.0,62,7.5,17.9,22.1,12.7,9.4,0.0,61,6.5,18.4,22.6,15.6,7.0,0.0,68,6.6,18.7,22.8,16.4,6.4,0.0,62,6.0,18.1,22.7,13.2,9.5,0.0,53,6.1,19.2,23.9,15.5,8.4,0.0,76,8.2,12
2019-10-07,15.4,17.9,13.7,4.2,7.5,93,9.9,15.3,18.3,14.3,4.0,13.8,92,8.0,15.7,16.9,14.5,2.4,11.8,92,9.9,18.3,21.2,16.4,4.8,1.4,79,9.5,14.8,17.9,13.3,4.6,25.4,92,9.5,16.6,18.3,15.9,2.4,6.9,93,9.5,11
2019-10-08,18.0,23.5,13.8,9.7,0.0,59,5.0,15.7,18.3,11.9,6.4,0.0,57,2.4,15.6,21.8,9.9,11.9,0.0,76,4.2,18.9,24.0,16.0,8.0,0.0,59,3.8,14.7,19.8,10.6,9.2,0.0,59,2.6,17.0,22.4,11.9,10.5,0.5,71,4.0,22
2019-10-09,14.8,22.5,8.1,14.4,0.0,54,0.9,14.5,19.0,10.1,8.9,0.0,46,2.2,13.2,20.2,6.5,13.7,0.0,71,1.5,17.5,23.2,12.6,10.6,0.0,51,0.0,13.6,20.4,7.7,12.7,0.0,48,1.9,15.2,22.1,9.3,12.8,0.0,53,1.0,24
2019-10-10,16.4,24.1,8.5,15.6,0.0,65,4.1,16.1,19.3,13.1,6.2,0.0,61,9.0,14.1,19.7,9.6,10.1,0.0,80,7.4,19.4,24.5,14.1,10.4,0.0,57,0.8,15.2,19.8,10.7,9.1,0.0,61,9.0,16.9,23.6,10.1,13.5,0.0,60,3.5,30
2019-10-11,18.9,25.1,13.9,11.2,0.0,64,2.4,19.3,24.1,15.0,9.1,0.0,64,1.4,17.4,24.6,11.8,12.8,0.0,74,3.0,21.1,27.0,16.7,10.3,0.0,60,1.0,18.8,26.1,13.0,13.1,0.0,60,0.9,19.6,26.7,13.6,13.1,0.0,63,1.6,35
2019-10-12,19.2,24.3,15.0,9.3,0.0,54,0.9,18.2,22.5,15.2,7.3,0.0,52,0.6,18.3,24.2,14.0,10.2,0.0,64,1.0,19.9,24.5,16.5,8.0,0.0,57,2.2,17.9,23.3,13.3,10.0,0.0,49,0.6,20.0,25.9,15.8,10.1,0.0,54,0.0,24
2019-10-13,16.0,21.5,10.6,10.9,0.0,64,2.5,17.5,23.0,12.8,10.2,0.0,58,1.9,16.7,22.9,10.6,12.3,0.0,69,1.5,18.0,23.0,15.1,7.9,0.0,58,2.0,17.2,23.8,12.1,11.7,0.0,53,2.1,18.2,24.6,13.0,11.6,0.0,55,0.0,20
2019-10-14,16.6,22.8,9.6,13.2,0.0,66,3.0,14.3,17.2,9.8,7.4,0.0,57,2.0,14.6,21.1,9.8,11.3,0.0,76,4.9,18.2,23.0,14.3,8.7,0.0,63,0.5,14.4,19.6,9.5,10.1,0.0,57,1.9,15.2,21.6,11.3,10.3,0.0,72,2.9,34
2019-10-15,14.1,18.0,10.5,7.5,0.5,76,5.2,14.0,20.0,8.6,11.4,0.0,58,2.1,14.2,20.3,8.2,12.1,0.0,73,3.4,15.6,18.9,13.4,5.5,0.0,70,6.2,14.5,20.4,8.8,11.6,0.0,56,3.0,14.0,19.5,9.5,10.0,0.0,69,4.5,20
2019-10-16,13.5,20.4,7.2,13.2,0.0,77,3.2,14.8,19.0,10.9,8.1,0.0,67,5.4,14.5,20.9,9.0,11.9,0.0,75,5.0,16.2,21.4,12.5,8.9,0.0,63,4.1,14.6,20.8,9.0,11.8,0.0,58,5.2,15.5,21.6,11.2,10.4,0.0,75,4.8,27
2019-10-17,14.0,19.6,9.0,10.6,0.0,80,6.9,16.0,21.1,12.6,8.5,0.0,59,6.2,15.0,20.5,11.3,9.2,0.0,78,7.2,17.1,21.2,14.1,7.1,0.0,66,7.4,15.4,21.6,11.2,10.4,0.0,56,4.8,15.6,19.7,12.0,7.7,0.0,75,7.2,30
2019-10-18,14.7,17.4,12.0,5.4,2.5,93,9.5,18.2,23.3,14.3,9.0,0.0,58,6.6,15.8,20.8,11.0,9.8,0.0,81,7.0,16.8,17.7,15.5,2.2,29.5,93,9.6,17.0,22.7,12.0,10.7,0.0,58,7.1,17.1,20.4,14.0,6.4,1.0,75,9.6,17
2019-10-19,17.2,23.6,13.7,9.9,0.5,80,4.6,17.2,21.3,13.4,7.9,0.0,70,0.5,16.7,22.9,13.0,9.9,0.0,77,2.0,19.0,24.0,15.8,8.2,0.0,78,5.0,17.0,23.1,12.1,11.0,0.0,64,0.8,17.3,23.3,13.7,9.6,0.0,82,1.8,22
2019-10-20,15.6,23.0,11.7,11.3,0.0,82,3.5,16.5,20.7,13.6,7.1,0.0,76,0.8,15.4,22.4,10.8,11.6,0.0,76,0.0,18.7,23.6,14.9,8.7,0.0,75,3.5,16.5,22.9,12.0,10.9,0.0,70,0.6,17.2,23.9,12.4,11.5,0.0,75,1.6,37
2019-10-21,15.5,22.4,11.1,11.3,0.0,80,3.1,17.4,22.4,12.6,9.8,0.0,69,3.2,15.5,23.3,9.5,13.8,0.0,78,5.0,18.6,23.7,15.2,8.5,0.0,68,1.9,17.1,24.6,10.9,13.7,0.0,61,2.1,17.5,24.0,11.6,12.4,0.0,67,1.1,42
2019-10-22,16.0,22.8,10.7,12.1,0.0,77,3.6,18.0,22.4,14.3,8.1,0.0,64,5.1,16.9,23.5,11.0,12.5,0.0,75,3.4,19.0,23.8,16.1,7.7,0.0,68,5.5,18.1,24.4,13.3,11.1,0.0,56,4.4,18.0,24.3,12.1,12.2,0.0,69,3.5,39
2019-10-23,16.4,20.7,11.9,8.8,0.0,77,8.5,17.8,20.5,15.6,4.9,0.0,60,7.4,16.5,18.6,12.9,5.7,0.0,74,9.8,18.0,20.8,16.3,4.5,1.4,73,9.4,17.0,20.7,14.3,6.4,0.0,57,8.0,17.7,20.0,15.6,4.4,0.0,75,9.4,24
2019-10-24,17.9,20.7,14.4,6.3,0.0,71,8.5,18.2,22.5,14.8,7.7,0.0,55,3.5,18.9,23.6,15.4,8.2,0.0,60,6.1,18.4,21.2,16.4,4.8,0.0,77,9.0,18.3,23.8,15.3,8.5,0.0,48,4.5,18.3,24.1,14.0,10.1,0.0,72,5.2,28
2019-10-25,19.2,24.7,15.6,9.1,0.0,60,6.6,16.0,20.8,11.9,8.9,0.0,66,6.9,17.3,23.0,12.0,11.0,0.0,69,5.9,19.5,24.9,16.8,8.1,0.0,74,6.4,16.7,22.0,13.1,8.9,0.0,58,6.6,17.7,23.3,13.4,9.9,0.0,76,5.0,25
2019-10-26,15.5,18.8,12.3,6.5,0.0,53,6.1,10.2,12.8,7.7,5.1,0.0,63,4.4,12.7,17.4,8.3,9.1,0.0,66,4.9,17.4,21.4,13.9,7.5,0.0,52,5.4,10.0,14.9,6.6,8.3,0.0,60,2.2,13.5,16.8,11.7,5.1,0.0,63,7.6,23
2019-10-27,12.3,17.9,7.5,10.4,0.0,51,0.6,12.5,16.8,6.9,9.9,0.0,59,0.6,10.8,17.4,5.4,12.0,0.0,68,0.5,14.0,18.7,10.4,8.3,0.0,42,4.6,10.9,17.4,4.7,12.7,0.0,59,0.9,12.2,17.8,8.3,9.5,0.0,65,2.1,25
2019-10-28,11.6,19.4,3.9,15.5,0.0,66,4.1,14.1,17.3,10.2,7.1,0.6,68,6.2,11.9,18.5,4.6,13.9,0.0,69,2.9,15.4,19.9,10.7,9.2,0.0,55,3.9,12.9,17.7,7.4,10.3,1.7,66,5.6,13.1,19.3,6.7,12.6,0.0,70,4.4,31
2019-10-29,14.3,20.4,8.0,12.4,0.0,61,2.4,13.6,17.3,9.2,8.1,0.1,53,1.6,14.1,18.4,9.9,8.5,0.8,71,3.2,16.4,21.2,13.3,7.9,0.0,57,0.4,12.5,17.6,8.2,9.4,0.1,61,1.6,14.9,19.6,12.0,7.6,0.0,67,3.8,98
2019-10-30,13.5,18.8,8.2,10.6,0.0,54,0.0,13.0,17.3,7.8,9.5,0.0,61,0.5,11.6,18.3,5.8,12.5,0.0,74,0.5,14.6,20.4,10.6,9.8,0.0,47,0.0,11.2,17.7,5.0,12.7,0.0,60,0.2,12.9,19.3,8.9,10.4,0.0,70,0.5,26
2019-10-31,14.1,21.7,6.5,15.2,0.0,67,0.0,15.7,19.2,10.6,8.6,0.0,78,3.2,13.3,20.2,6.0,14.2,0.0,80,1.9,16.2,22.4,11.0,11.4,0.0,51,0.0,14.8,19.7,8.4,11.3,0.0,74,4.6,13.8,21.0,7.2,13.8,0.0,75,1.1,79
2019-11-01,15.2,23.2,9.0,14.2,0.0,70,1.1,15.1,18.6,12.8,5.8,0.0,52,2.1,14.6,22.0,10.1,11.9,0.0,74,3.4,17.5,24.0,13.4,10.6,0.0,56,0.6,14.9,20.5,11.4,9.1,0.0,58,1.9,15.6,22.9,10.9,12.0,0.0,71,2.9,92
2019-11-02,14.2,20.7,8.6,12.1,0.0,78,4.8,13.8,17.3,10.5,6.8,0.0,64,7.8,13.2,19.2,7.1,12.1,0.0,79,6.0,17.5,22.6,14.4,8.2,0.0,67,4.8,13.6,18.7,8.3,10.4,0.0,57,8.1,15.7,22.0,10.1,11.9,0.0,72,4.4,77
2019-11-03,14.6,21.4,9.7,11.7,0.0,80,5.8,14.9,19.9,10.5,9.4,0.0,59,5.0,14.4,20.2,10.2,10.0,0.0,76,4.6,16.4,22.3,14.0,8.3,2.3,72,6.2,14.7,22.1,9.4,12.7,0.0,58,4.0,15.5,21.6,12.5,9.1,0.0,70,3.6,55
2019-11-04,13.4,18.0,8.4,9.6,0.0,70,4.8,14.1,18.2,9.7,8.5,0.0,64,0.4,13.6,20.8,9.1,11.7,0.0,74,1.4,14.3,19.7,12.3,7.4,0.0,65,3.6,13.8,20.3,9.2,11.1,0.0,58,0.0,14.7,20.9,9.8,11.1,0.0,73,4.0,15
2019-11-05,12.3,20.1,5.3,14.8,0.0,71,0.0,13.1,16.8,10.8,6.0,0.0,71,2.4,12.1,19.6,6.4,13.2,0.0,77,1.2,15.2,20.7,10.8,9.9,0.0,59,0.0,12.4,18.4,8.4,10.0,0.0,65,1.4,13.9,20.5,10.1,10.4,0.0,78,1.6,35
2019-11-06,12.5,20.4,6.2,14.2,0.0,67,2.6,11.7,15.5,7.6,7.9,0.0,58,4.8,11.8,18.5,5.9,12.6,0.0,76,4.0,15.8,21.3,11.7,9.6,0.0,52,1.8,11.0,16.5,6.3,10.2,0.0,64,5.0,12.8,20.2,6.9,13.3,0.0,73,2.9,50
2019-11-07,13.0,18.7,7.5,11.2,0.0,57,3.8,9.4,11.8,5.9,5.9,0.0,46,1.5,10.8,17.8,5.3,12.5,0.0,66,3.5,14.4,19.2,11.7,7.5,0.0,51,4.0,9.2,13.6,5.0,8.6,0.0,43,1.6,12.2,17.9,8.3,9.6,0.0,73,3.9,52
2019-11-08,10.2,17.2,4.3,12.9,0.0,52,0.0,7.3,11.2,2.6,8.6,0.0,34,0.0,6.8,14.6,1.2,13.4,0.0,61,0.0,13.8,19.0,10.7,8.3,0.0,47,0.0,6.8,13.0,1.1,11.9,0.0,31,0.0,9.5,15.3,4.9,10.4,0.0,49,0.0,45
2019-11-09,9.4,17.9,1.7,16.2,0.0,56,0.0,10.7,15.7,6.4,9.3,0.0,53,0.4,8.1,17.2,0.6,16.6,0.0,63,0.0,14.3,20.2,9.0,11.2,0.0,41,0.0,9.5,17.2,3.5,13.7,0.0,41,0.2,10.6,18.6,3.8,14.8,0.0,51,0.0,45
2019-11-10,9.4,16.4,2.4,14.0,7.0,71,7.6,10.8,14.8,8.7,6.1,21.4,66,9.0,9.1,16.6,3.3,13.3,9.6,76,8.2,14.3,18.3,10.0,8.3,1.7,58,6.8,10.0,15.3,6.2,9.1,11.8,60,8.9,10.8,17.0,6.1,10.9,9.8,77,8.1,40
2019-11-11,12.4,18.4,7.3,11.1,0.3,75,4.5,12.1,15.0,9.4,5.6,1.3,72,3.8,11.7,16.3,8.8,7.5,1.3,81,6.5,14.8,19.7,11.8,7.9,0.0,57,1.2,11.2,15.1,7.9,7.2,1.1,72,5.9,13.0,17.8,9.9,7.9,1.0,80,4.0,25
2019-11-12,10.8,17.4,5.6,11.8,0.0,73,2.4,11.0,14.3,7.7,6.6,0.0,62,4.4,9.6,16.1,5.0,11.1,0.0,79,1.8,14.2,19.1,10.9,8.2,0.0,53,2.9,9.3,14.5,4.8,9.7,0.0,64,3.6,12.2,18.4,7.6,10.8,0.0,67,3.1,40
2019-11-13,9.7,15.7,3.9,11.8,0.0,72,7.1,8.7,13.2,3.6,9.6,5.9,70,8.1,8.2,13.2,4.4,8.8,1.7,84,7.9,13.9,16.3,9.9,6.4,0.0,58,6.0,7.2,11.3,3.0,8.3,7.5,72,8.5,10.3,13.9,6.0,7.9,3.5,81,7.1,35
2019-11-14,4.6,10.5,0.2,10.3,0.0,39,0.5,2.1,5.0,-1.1,6.1,0.0,40,1.0,2.9,7.7,-0.2,7.9,0.0,46,0.8,7.5,14.4,4.8,9.6,0.0,33,0.0,1.3,5.0,-2.5,7.5,0.0,31,1.0,5.9,10.1,2.9,7.2,0.1,52,2.2,21
2019-11-15,7.0,16.2,-1.9,18.1,0.0,61,0.5,7.3,9.9,2.6,7.3,23.4,86,8.1,9.6,17.1,-1.3,18.4,0.0,70,4.0,11.2,16.4,5.6,10.8,0.0,47,0.0,5.6,7.6,1.4,6.2,18.8,87,8.1,9.1,17.3,0.8,16.5,0.0,67,1.2,24
2019-11-16,11.8,19.7,4.9,14.8,0.0,76,3.1,7.3,11.6,3.8,7.8,0.0,80,5.9,13.0,18.9,8.3,10.6,0.4,81,5.5,15.1,19.8,11.1,8.7,0.0,66,0.6,6.8,12.7,3.8,8.9,0.0,81,5.5,13.4,20.2,7.4,12.8,0.0,80,3.5,33
2019-11-17,10.5,15.1,6.4,8.7,0.0,91,8.9,9.7,13.8,7.9,5.9,23.7,85,9.5,9.8,12.9,6.3,6.6,65.2,96,9.5,16.2,19.1,12.3,6.8,2.0,80,9.2,8.2,10.5,5.6,4.9,21.1,79,9.2,16.2,20.1,10.8,9.3,0.7,86,9.2,28
2019-11-18,11.0,20.6,4.9,15.7,8.0,60,8.8,4.8,13.7,1.4,12.3,9.9,66,8.0,7.7,13.8,3.1,10.7,15.3,76,8.5,13.2,19.5,6.7,12.8,6.8,62,8.6,4.6,12.7,0.4,12.3,14.7,60,7.1,9.8,19.5,6.2,13.3,7.7,71,9.4,64
2019-11-19,5.1,8.2,2.8,5.4,0.0,53,3.0,0.7,3.9,-2.5,6.4,0.0,57,2.0,2.6,5.8,-0.2,6.0,0.0,74,4.2,6.7,10.8,3.8,7.0,0.0,47,2.8,0.2,4.0,-3.5,7.5,0.0,48,1.4,6.2,8.7,4.3,4.4,0.0,63,7.0,30
2019-11-20,4.3,10.4,0.4,10.0,0.0,46,0.8,1.1,5.1,-2.7,7.8,0.0,38,0.0,2.0,8.4,-2.4,10.8,0.0,61,0.2,6.2,12.4,2.0,10.4,0.0,38,0.0,0.5,6.3,-4.6,10.9,0.0,36,0.0,4.9,10.6,1.4,9.2,0.0,54,0.4,24
2019-11-21,6.0,13.8,-2.6,16.4,0.0,51,3.8,5.7,9.4,0.1,9.3,0.0,37,7.4,4.3,11.0,-2.6,13.6,0.0,63,6.0,10.6,16.3,4.0,12.3,0.0,49,2.4,4.2,9.0,-2.3,11.3,0.0,37,6.1,8.1,15.5,0.1,15.4,0.0,43,4.0,37
2019-11-22,9.8,17.6,2.5,15.1,0.0,72,1.5,10.8,15.9,4.5,11.4,0.0,38,1.2,9.9,18.1,3.0,15.1,0.0,63,1.1,14.5,20.3,10.1,10.2,0.0,64,2.2,9.7,17.3,3.0,14.3,0.0,34,1.4,12.5,19.1,6.6,12.5,0.0,58,1.0,46
2019-11-23,10.9,18.3,4.3,14.0,0.0,80,4.6,12.7,16.9,9.3,7.6,0.0,62,5.2,11.4,18.8,4.7,14.1,0.0,76,5.2,15.5,20.5,12.2,8.3,0.0,68,2.8,12.1,17.7,7.7,10.0,0.0,52,6.1,14.2,20.7,7.9,12.8,0.0,69,2.2,36
2019-11-24,13.9,20.2,9.3,10.9,0.0,75,6.5,10.5,16.8,3.9,12.9,3.8,76,5.4,12.8,21.2,7.3,13.9,0.5,79,5.1,16.0,18.9,13.4,5.5,1.0,86,8.0,9.8,15.6,4.6,11.0,3.8,75,7.1,15.0,21.8,10.7,11.1,0.0,76,7.0,33
2019-11-25,8.7,13.7,6.7,7.0,0.0,64,9.0,1.3,4.0,-2.0,6.0,0.0,62,4.6,3.6,9.4,1.7,7.7,0.0,71,7.6,11.6,16.6,9.5,7.1,0.0,65,7.4,1.9,6.0,-1.2,7.2,0.0,62,4.4,5.6,10.7,3.7,7.0,0.0,60,7.4,26
2019-11-26,9.8,14.3,6.7,7.6,0.0,66,4.8,6.2,11.8,1.6,10.2,0.0,69,3.0,7.7,15.8,0.3,15.5,0.0,75,5.0,11.4,16.7,8.8,7.9,0.0,63,4.4,6.6,13.7,1.2,12.5,0.0,64,3.9,8.9,14.2,2.9,11.3,0.0,70,6.9,26
2019-11-27,7.2,10.4,4.3,6.1,0.0,59,8.5,2.9,5.6,0.0,5.6,0.0,52,5.6,5.8,8.8,1.6,7.2,0.0,57,8.2,10.1,11.7,8.8,2.9,0.0,61,8.8,3.1,6.8,0.3,6.5,0.0,51,4.0,7.7,10.2,4.0,6.2,0.0,63,9.2,41
2019-11-28,5.6,9.6,2.2,7.4,0.0,73,6.0,2.8,8.0,-0.7,8.7,0.0,55,2.6,4.6,12.7,-1.0,13.7,0.0,69,1.8,9.0,12.9,6.3,6.6,0.0,69,6.9,3.5,10.4,-0.6,11.0,0.0,52,1.8,6.2,13.0,1.6,11.4,0.0,60,1.9,38
2019-11-29,5.1,11.4,-1.0,12.4,0.0,56,0.0,2.0,5.9,-1.4,7.3,0.0,43,0.6,2.9,9.7,-1.6,11.3,0.0,61,0.9,8.4,14.0,5.0,9.0,0.0,40,0.0,1.5,6.9,-3.4,10.3,0.0,43,0.9,5.6,11.3,1.9,9.4,0.0,47,0.5,45
2019-11-30,6.0,13.3,-0.2,13.5,0.0,62,5.1,4.6,8.1,0.6,7.5,0.0,54,6.6,4.9,13.0,-2.5,15.5,0.0,60,5.4,11.1,15.7,6.5,9.2,0.0,59,4.9,4.1,9.3,-1.4,10.7,0.0,43,6.0,7.2,15.7,0.2,15.5,0.0,51,3.4,46
2019-12-01,6.9,9.0,5.4,3.6,21.0,82,10.0,5.1,7.4,3.0,4.4,3.8,78,9.8,6.3,8.2,4.7,3.5,12.3,82,9.1,9.5,12.1,6.5,5.6,33.3,93,10.0,4.6,6.2,2.3,3.9,3.3,79,9.2,6.6,8.4,5.4,3.0,18.3,86,10.0,39
2019-12-02,4.9,7.5,1.3,6.2,0.0,55,3.4,0.5,3.2,-2.4,5.6,0.0,50,3.1,2.7,7.1,-1.4,8.5,0.0,70,5.6,6.6,10.5,2.6,7.9,2.5,54,2.5,-0.1,2.8,-3.2,6.0,0.0,48,2.4,5.2,7.3,3.1,4.2,0.0,67,8.4,23
2019-12-03,4.0,8.5,-0.2,8.7,0.0,56,3.9,1.7,4.9,-3.4,8.3,1.8,70,7.0,2.3,6.5,-2.5,9.0,0.1,76,6.0,4.6,9.2,0.3,8.9,0.0,52,1.6,0.5,4.2,-5.0,9.2,0.6,61,6.2,4.3,8.9,0.9,8.0,0.1,70,5.4,28
2019-12-04,4.8,10.2,0.5,9.7,0.0,59,2.5,2.5,7.1,-1.0,8.1,0.3,50,1.9,5.7,10.5,1.4,9.1,0.1,63,4.2,7.2,11.3,4.6,6.7,0.0,51,0.4,2.0,7.2,-2.0,9.2,0.0,42,1.0,6.1,11.2,2.3,8.9,0.0,66,2.6,29
2019-12-05,2.0,5.9,-3.0,8.9,0.0,41,0.2,-4.3,0.0,-8.3,8.3,0.0,42,0.0,-0.6,4.0,-5.5,9.5,0.0,51,1.5,4.6,9.6,0.0,9.6,0.0,39,2.6,-4.4,-0.2,-8.5,8.3,0.0,32,0.0,2.5,5.9,-1.7,7.6,0.0,57,1.6,22
2019-12-06,-1.4,3.6,-5.9,9.5,0.0,31,1.2,-5.1,-1.5,-9.0,7.5,0.0,43,0.0,-4.4,1.9,-9.6,11.5,0.0,50,0.0,0.2,4.7,-2.8,7.5,0.0,26,4.9,-5.9,-1.0,-10.6,9.6,0.0,35,0.6,-1.2,3.7,-4.9,8.6,0.0,37,1.8,31
2019-12-07,2.4,7.9,-4.9,12.8,0.0,48,1.8,0.1,4.6,-4.1,8.7,0.1,68,5.5,-0.1,6.6,-7.2,13.8,0.0,68,6.4,3.6,9.7,-2.2,11.9,0.0,40,0.0,-2.4,1.2,-5.5,6.7,0.1,65,6.6,2.8,8.6,-4.0,12.6,0.0,48,4.0,47
2019-12-08,2.6,9.3,-2.7,12.0,0.0,58,0.0,0.9,5.0,-3.3,8.3,0.0,66,1.0,1.2,7.7,-2.7,10.4,0.0,74,0.9,6.1,12.0,2.4,9.6,0.0,43,0.0,-0.9,4.9,-5.5,10.4,0.0,65,1.1,4.5,9.6,1.3,8.3,0.0,64,1.5,55
2019-12-09,2.5,10.9,-3.9,14.8,0.0,65,0.0,5.3,8.5,0.5,8.0,0.0,66,9.0,3.3,11.2,-3.8,15.0,0.0,72,3.2,7.8,13.4,3.7,9.7,0.0,45,0.0,3.2,8.0,-1.3,9.3,0.0,57,7.9,4.5,11.6,-1.4,13.0,0.0,73,2.5,63
2019-12-10,4.9,14.0,-1.9,15.9,0.0,72,3.1,8.2,10.1,4.5,5.6,2.4,89,7.9,7.8,13.9,3.0,10.9,0.0,78,5.6,11.5,16.3,6.8,9.5,0.0,64,2.0,8.1,10.8,6.0,4.8,1.7,82,8.9,8.5,15.4,3.2,12.2,0.0,78,5.1,97
2019-12-11,7.2,16.6,1.5,15.1,0.0,65,4.6,6.4,10.0,0.9,9.1,0.0,66,4.4,7.9,12.6,2.5,10.1,0.2,71,6.1,12.1,16.6,5.8,10.8,0.0,58,2.9,6.3,9.8,0.1,9.7,0.2,62,5.9,8.0,14.7,5.0,9.7,0.0,75,7.2,75
2019-12-12,3.2,7.0,0.2,6.8,0.0,38,0.0,-0.1,2.5,-2.1,4.6,0.0,50,0.0,1.0,6.5,-2.8,9.3,0.0,57,0.0,4.8,9.3,2.2,7.1,0.0,31,0.0,-0.7,3.4,-3.5,6.9,0.0,45,0.0,3.9,8.0,0.8,7.2,0.0,49,0.9,20
2019-12-13,2.3,8.6,-4.3,12.9,0.0,43,4.2,3.3,6.0,-1.3,7.3,1.2,56,7.0,0.9,7.4,-4.8,12.2,0.0,59,4.2,6.8,10.5,2.3,8.2,0.0,38,3.5,2.1,5.9,-3.7,9.6,1.0,54,6.8,3.6,10.0,-1.2,11.2,0.0,45,3.5,27
2019-12-14,4.5,9.9,0.3,9.6,0.0,48,4.9,2.6,7.9,0.9,7.0,0.0,60,2.9,4.4,8.9,1.5,7.4,0.6,64,5.5,8.5,12.7,6.2,6.5,0.0,45,1.9,2.7,6.4,-0.1,6.5,0.0,58,3.0,5.3,9.9,1.8,8.1,0.1,53,5.4,38
2019-12-15,5.0,12.4,-1.1,13.5,0.0,62,5.1,5.2,10.7,-0.1,10.8,0.0,63,3.6,5.4,13.5,-2.2,15.7,0.0,67,3.1,9.1,14.5,6.8,7.7,0.0,61,4.9,5.3,11.0,0.4,10.6,0.0,53,2.9,8.1,15.3,1.1,14.2,0.0,56,4.6,37
2019-12-16,6.3,13.2,-0.6,13.8,0.0,73,3.9,8.9,13.7,3.0,10.7,0.0,62,6.9,7.9,15.2,1.9,13.3,0.0,73,2.4,10.8,16.4,6.3,10.1,0.0,67,4.2,7.8,12.9,2.1,10.8,0.0,59,6.1,10.2,16.3,6.3,10.0,0.0,65,5.8,38
2019-12-17,9.1,15.1,2.7,12.4,0.0,75,5.9,7.9,11.8,3.4,8.4,6.7,82,7.6,7.7,10.5,5.3,5.2,1.9,90,9.0,12.8,16.6,9.1,7.5,0.0,79,6.1,7.7,10.2,3.2,7.0,9.8,81,8.6,8.8,10.7,7.5,3.2,2.6,88,8.8,28
2019-12-18,7.4,11.2,4.6,6.6,0.0,51,5.2,0.3,3.4,-1.3,4.7,0.0,64,2.6,2.7,6.3,0.1,6.2,0.0,75,5.8,10.4,15.7,8.0,7.7,0.0,43,3.9,0.8,5.2,-1.7,6.9,0.0,65,3.5,4.9,8.0,2.3,5.7,0.0,66,5.6,38
2019-12-19,4.1,8.5,1.6,6.9,0.0,35,4.2,-0.5,2.2,-3.4,5.6,0.0,55,3.4,0.8,6.1,-2.7,8.8,0.0,57,2.1,6.6,12.2,3.6,8.6,0.0,29,6.1,-0.8,3.1,-4.5,7.6,0.0,48,1.8,3.2,7.5,0.2,7.3,0.0,51,2.9,26
2019-12-20,2.4,6.1,-1.3,7.4,0.0,48,6.0,-1.0,0.9,-2.9,3.8,0.0,51,2.0,0.9,5.5,-2.3,7.8,0.2,71,5.2,5.0,9.4,1.2,8.2,0.0,40,3.2,-1.1,2.0,-3.5,5.5,0.0,45,1.4,2.8,6.0,0.3,5.7,0.0,67,8.0,29
2019-12-21,0.9,4.5,-2.3,6.8,0.0,58,5.8,0.2,2.7,-3.1,5.8,2.1,69,6.0,0.3,6.5,-4.5,11.0,0.0,73,3.4,4.3,6.3,1.7,4.6,0.0,42,6.6,-1.2,1.5,-5.1,6.6,0.6,68,5.5,2.5,5.8,-1.0,6.8,0.0,63,7.1,34
2019-12-22,1.3,7.6,-2.2,9.8,0.0,69,5.8,4.5,8.2,1.2,7.0,0.6,71,7.4,3.2,10.0,-1.1,11.1,0.0,75,6.1,6.4,10.0,4.2,5.8,0.0,49,6.2,4.1,8.4,0.3,8.1,0.3,63,7.8,5.5,11.8,1.2,10.6,0.0,61,5.2,58
2019-12-23,3.6,10.4,-2.6,13.0,0.0,68,3.0,3.4,6.5,0.4,6.1,4.8,82,5.4,3.8,8.7,0.0,8.7,0.1,76,4.6,8.2,12.9,5.0,7.9,0.0,47,0.5,3.4,5.2,0.3,4.9,2.9,80,6.1,5.2,10.2,2.5,7.7,0.0,70,7.1,50
2019-12-24,3.3,10.1,-1.7,11.8,0.0,67,3.2,0.7,4.6,-2.1,6.7,0.0,67,0.6,1.1,7.8,-2.4,10.2,0.0,76,2.5,7.7,14.3,3.0,11.3,0.0,57,3.0,0.8,6.5,-2.9,9.4,0.0,68,0.8,5.4,11.6,1.6,10.0,0.0,53,3.9,69
2019-12-25,4.6,12.1,-2.6,14.7,0.0,62,4.8,2.5,5.8,-0.8,6.6,0.0,65,6.5,2.2,8.9,-3.6,12.5,0.0,66,6.6,10.7,16.3,5.4,10.9,0.0,52,3.2,2.0,6.6,-2.7,9.3,0.0,61,5.9,6.8,14.1,-0.1,14.2,0.0,45,5.6,51
2019-12-26,4.2,7.1,2.6,4.5,2.5,68,9.4,2.0,4.0,-1.5,5.5,0.2,69,6.5,2.4,4.0,0.5,3.5,3.0,75,9.5,7.8,12.2,4.0,8.2,1.7,60,7.9,2.0,4.1,-2.4,6.5,0.3,59,5.4,5.7,8.3,2.7,5.6,0.4,62,10.0,47
2019-12-27,1.9,5.6,-0.6,6.2,0.0,44,0.5,-1.0,2.1,-3.5,5.6,0.0,52,0.0,0.1,5.2,-3.1,8.3,0.0,63,0.6,3.6,9.0,0.4,8.6,0.0,35,0.0,-1.7,2.6,-4.6,7.2,0.0,45,0.0,3.0,6.8,0.5,6.3,0.0,53,5.8,34
2019-12-28,1.2,7.8,-3.4,11.2,0.0,51,0.0,2.6,5.9,-1.7,7.6,0.0,49,4.4,0.6,8.2,-5.0,13.2,0.0,64,0.0,4.1,9.4,-0.3,9.7,0.0,34,0.0,1.1,6.1,-3.6,9.7,0.0,48,3.5,3.4,9.6,-1.2,10.8,0.0,49,0.0,42
2019-12-29,0.6,4.3,-4.3,8.6,3.0,72,8.6,4.9,7.3,2.5,4.8,0.9,57,9.4,2.0,6.3,-2.3,8.6,7.0,77,9.1,6.5,9.5,2.6,6.9,11.4,67,8.6,3.8,6.2,1.1,5.1,1.4,53,9.0,4.2,6.0,1.0,5.0,9.8,79,8.8,45
2019-12-30,5.2,10.6,1.8,8.8,1.0,79,6.5,2.4,6.4,-5.4,11.8,0.1,73,6.1,4.2,9.4,-0.4,9.8,1.5,87,8.5,9.6,14.0,7.1,6.9,1.4,82,5.2,2.6,6.8,-5.7,12.5,0.4,70,7.5,6.5,11.1,1.7,9.4,0.3,83,9.0,36
2019-12-31,-2.5,2.6,-5.1,7.7,0.0,33,0.4,-7.3,-5.3,-9.9,4.6,0.0,49,1.1,-4.7,-0.4,-7.5,7.1,0.0,55,0.9,0.1,7.1,-2.5,9.6,0.0,28,0.0,-7.9,-4.5,-10.9,6.4,0.0,39,1.2,-2.2,1.6,-5.0,6.6,0.0,46,1.9,26
2020-01-01,0.2,4.6,-4.9,9.5,0.0,53,2.6,-1.4,1.9,-5.4,7.3,0.0,67,8.8,-0.6,5.1,-7.7,12.8,0.0,66,6.5,1.9,7.8,-3.2,11.0,0.0,44,1.0,-2.2,0.3,-6.5,6.2,0.1,64,8.9,-0.3,5.7,-4.9,10.6,0.0,58,4.2,34
